symbol,sector,industry,exchange,market_cap_B
AAPL,Technology,Consumer Electronics,NMS,3545.22
MSFT,Technology,Software - Infrastructure,NMS,3085.55
NVDA,Technology,Semiconductors,NMS,3052.68
GOOG,Communication Services,Internet Content & Information,NMS,2504.76
AMZN,Consumer Cyclical,Internet Retail,NMS,2499.21
META,Communication Services,Internet Content & Information,NMS,1740.62
TSLA,Consumer Cyclical,Auto Manufacturers,NMS,1301.4
TSM,Technology,Semiconductors,NYQ,1085.65
AVGO,Technology,Semiconductors,NMS,1037.17
WMT,Consumer Defensive,Discount Stores,NYQ,788.56
JPM,Financial Services,Banks - Diversified,NYQ,747.8
LLY,Healthcare,Drug Manufacturers - General,NYQ,729.42
V,Financial Services,Credit Services,NYQ,659.34
MA,Financial Services,Credit Services,NYQ,517.37
UNH,Healthcare,Healthcare Plans,NYQ,499.24
ORCL,Technology,Software - Infrastructure,NYQ,475.65
XOM,Energy,Oil & Gas Integrated,NYQ,465.03
COST,Consumer Defensive,Discount Stores,NMS,434.97
NFLX,Communication Services,Entertainment,NMS,417.82
HD,Consumer Cyclical,Home Improvement Retail,NYQ,411.75
PG,Consumer Defensive,Household & Personal Products,NYQ,389.22
NVO,Healthcare,Drug Manufacturers - General,NYQ,377.05
JNJ,Healthcare,Drug Manufacturers - General,NYQ,368.05
BAC,Financial Services,Banks - Diversified,NYQ,352.38
CRM,Technology,Software - Application,NYQ,328.8
SAP,Technology,Software - Application,NYQ,325.07
ABBV,Healthcare,Drug Manufacturers - General,NYQ,324.98
ASML,Technology,Semiconductor Equipment & Materials,NMS,290.7
CVX,Energy,Oil & Gas Integrated,NYQ,278.71
KO,Consumer Defensive,Beverages - Non-Alcoholic,NYQ,275.91
TMUS,Communication Services,Telecom Services,NMS,266.65
WFC,Financial Services,Banks - Diversified,NYQ,259.17
TM,Consumer Cyclical,Auto Manufacturers,NYQ,252.64
MRK,Healthcare,Drug Manufacturers - General,NYQ,249.98
CSCO,Technology,Communication Equipment,NMS,241.36
ACN,Technology,Information Technology Services,NYQ,240.78
IBM,Technology,Information Technology Services,NYQ,238.81
BABA,Consumer Cyclical,Internet Retail,NYQ,234.84
TMO,Healthcare,Diagnostics & Research,NYQ,228.64
AXP,Financial Services,Credit Services,NYQ,223.9
MS,Financial Services,Capital Markets,NYQ,222.46
ABT,Healthcare,Medical Devices,NYQ,221.89
AZN,Healthcare,Drug Manufacturers - General,NMS,219.43
GE,Industrials,Aerospace & Defense,NYQ,218.57
BX,Financial Services,Asset Management,NYQ,216.28
LIN,Basic Materials,Specialty Chemicals,NMS,212.42
NOW,Technology,Software - Application,NYQ,210.28
MCD,Consumer Cyclical,Restaurants,NYQ,208.05
NVS,Healthcare,Drug Manufacturers - General,NYQ,207.51
PEP,Consumer Defensive,Beverages - Non-Alcoholic,NMS,206.75
DIS,Communication Services,Entertainment,NYQ,205.13
ISRG,Healthcare,Medical Instruments & Supplies,NMS,203.97
PM,Consumer Defensive,Tobacco,NYQ,202.44
SHEL,Energy,Oil & Gas Integrated,NYQ,200.51
GS,Financial Services,Capital Markets,NYQ,200.46
AMD,Technology,Semiconductors,NMS,192.89
QCOM,Technology,Semiconductors,NMS,191.16
ADBE,Technology,Software - Infrastructure,NMS,190.42
PLTR,Technology,Software - Infrastructure,NMS,187.91
HSBC,Financial Services,Banks - Diversified,NYQ,187.01
CAT,Industrials,Farm & Heavy Construction Machinery,NYQ,179.33
RY,Financial Services,Banks - Diversified,NYQ,172.9
RTX,Industrials,Aerospace & Defense,NYQ,171.64
T,Communication Services,Telecom Services,NYQ,170.29
TXN,Technology,Semiconductors,NMS,168.4
INTU,Technology,Software - Application,NMS,168.37
ARM,Technology,Semiconductors,NMS,167.69
BLK,Financial Services,Asset Management,NYQ,166.57
VZ,Communication Services,Telecom Services,NYQ,165.82
SPGI,Financial Services,Financial Data & Stock Exchanges,NYQ,161.79
DHR,Healthcare,Diagnostics & Research,NYQ,160.17
BKNG,Consumer Cyclical,Travel Services,NMS,158.01
PDD,Consumer Cyclical,Internet Retail,NMS,155.42
HDB,Financial Services,Banks - Regional,NYQ,154.64
KKR,Financial Services,Asset Management,NYQ,154.17
C,Financial Services,Banks - Diversified,NYQ,153.66
AMGN,Healthcare,Drug Manufacturers - General,NMS,153.42
SCHW,Financial Services,Capital Markets,NYQ,151.42
SHOP,Technology,Software - Application,NYQ,151.19
BSX,Healthcare,Medical Devices,NYQ,150.86
FMX,Consumer Defensive,Beverages - Brewers,NYQ,150.58
PFE,Healthcare,Drug Manufacturers - General,NYQ,150.29
UNP,Industrials,Railroads,NYQ,150.22
SYK,Healthcare,Medical Devices,NYQ,149.17
MUFG,Financial Services,Banks - Diversified,NYQ,148.91
AMAT,Technology,Semiconductor Equipment & Materials,NMS,147.68
NEE,Utilities,Utilities - Regulated Electric,NYQ,147.16
LOW,Consumer Cyclical,Home Improvement Retail,NYQ,146.83
HON,Industrials,Conglomerates,NMS,145.69
ANET,Technology,Computer Hardware,NYQ,145.16
PGR,Financial Services,Insurance - Property & Casualty,NYQ,144.37
UL,Consumer Defensive,Household & Personal Products,NYQ,143.6
UBER,Technology,Software - Application,NYQ,140.77
TJX,Consumer Cyclical,Apparel Retail,NYQ,140.28
SNY,Healthcare,Drug Manufacturers - General,NMS,136.24
SONY,Technology,Consumer Electronics,NYQ,134.47
BA,Industrials,Aerospace & Defense,NYQ,132.25
TTE,Energy,Oil & Gas Integrated,NYQ,131.11
DE,Industrials,Farm & Heavy Construction Machinery,NYQ,129.79
ETN,Industrials,Specialty Industrial Machinery,NYQ,129.01
CMCSA,Communication Services,Telecom Services,NMS,128.48
COP,Energy,Oil & Gas E&P,NYQ,127.84
BHP,Basic Materials,Other Industrial Metals & Mining,NYQ,125.87
APP,Technology,Software - Application,NMS,124.03
ADP,Technology,Software - Application,NMS,123.29
FI,Technology,Information Technology Services,NYQ,122.91
SBUX,Consumer Cyclical,Restaurants,NMS,122.32
GILD,Healthcare,Drug Manufacturers - General,NMS,121.14
PANW,Technology,Software - Infrastructure,NMS,121.02
IX,Financial Services,Financial Conglomerates,NYQ,120.2
BMY,Healthcare,Drug Manufacturers - General,NYQ,119.95
VRTX,Healthcare,Biotechnology,NMS,118.9
MDT,Healthcare,Medical Devices,NYQ,116.46
NKE,Consumer Cyclical,Footwear & Accessories,NYQ,115.86
UBS,Financial Services,Banks - Diversified,NYQ,113.25
SPOT,Communication Services,Internet Content & Information,NYQ,110.85
PLD,Real Estate,REIT - Industrial,NYQ,110.45
LMT,Industrials,Aerospace & Defense,NYQ,108.97
CB,Financial Services,Insurance - Property & Casualty,NYQ,108.94
MMC,Financial Services,Insurance Brokers,NYQ,106.51
ADI,Technology,Semiconductors,NMS,105.13
LRCX,Technology,Semiconductor Equipment & Materials,NMS,104.15
MU,Technology,Semiconductors,NMS,103.06
GEV,Utilities,Utilities - Renewable,NYQ,102.79
IBN,Financial Services,Banks - Regional,NYQ,102.1
TD,Financial Services,Banks - Diversified,NYQ,100.1
KLAC,Technology,Semiconductor Equipment & Materials,NMS,98.75
RIO,Basic Materials,Other Industrial Metals & Mining,NYQ,98.32
CRWD,Technology,Software - Infrastructure,NMS,98.05
BUD,Consumer Defensive,Beverages - Brewers,NYQ,97.79
MRVL,Technology,Semiconductors,NMS,97.66
SMFG,Financial Services,Banks - Diversified,NYQ,97.56
UPS,Industrials,Integrated Freight & Logistics,NYQ,97.48
MELI,Consumer Cyclical,Internet Retail,NMS,97.45
APO,Financial Services,Asset Management,NYQ,97.18
CEG,Utilities,Utilities - Renewable,NMS,96.53
ENB,Energy,Oil & Gas Midstream,NYQ,94.68
RELX,Industrials,Specialty Business Services,NYQ,92.87
BN,Financial Services,Asset Management,NYQ,92.8
SO,Utilities,Utilities - Regulated Electric,NYQ,91.98
IBKR,Financial Services,Capital Markets,NMS,91.87
ICE,Financial Services,Financial Data & Stock Exchanges,NYQ,91.77
ELV,Healthcare,Healthcare Plans,NYQ,91.77
PH,Industrials,Specialty Industrial Machinery,NYQ,91.04
INFY,Technology,Information Technology Services,NYQ,90.92
MCO,Financial Services,Financial Data & Stock Exchanges,NYQ,90.51
SHW,Basic Materials,Specialty Chemicals,NYQ,90.2
PYPL,Financial Services,Credit Services,NMS,88.8
WM,Industrials,Waste Management,NYQ,88.4
MO,Consumer Defensive,Tobacco,NYQ,88.3
EQIX,Real Estate,REIT - Specialty,NMS,88.16
PBR,Energy,Oil & Gas Integrated,NYQ,87.3
BTI,Consumer Defensive,Tobacco,NYQ,87.25
DUK,Utilities,Utilities - Regulated Electric,NYQ,86.51
AMT,Real Estate,REIT - Specialty,NYQ,86.43
APH,Technology,Electronic Components,NYQ,85.33
CME,Financial Services,Financial Data & Stock Exchanges,NMS,85.23
WELL,Real Estate,REIT - Healthcare Facilities,NYQ,84.98
MSTR,Technology,Software - Application,NMS,84.48
INTC,Technology,Semiconductors,NMS,84.13
HCA,Healthcare,Medical Care Facilities,NYQ,83.57
MMM,Industrials,Conglomerates,NYQ,83.29
ABNB,Consumer Cyclical,Travel Services,NMS,81.95
TT,Industrials,Building Products & Equipment,NYQ,81.63
CDNS,Technology,Software - Application,NMS,81.63
BP,Energy,Oil & Gas Integrated,NYQ,81.24
SNPS,Technology,Software - Infrastructure,NMS,81.23
CTAS,Industrials,Specialty Business Services,NMS,80.94
MAR,Consumer Cyclical,Lodging,NMS,80.75
CI,Healthcare,Healthcare Plans,NYQ,80.55
TEAM,Technology,Software - Application,NMS,80.38
AON,Financial Services,Insurance Brokers,NYQ,80.2
PNC,Financial Services,Banks - Regional,NYQ,79.56
CMG,Consumer Cyclical,Restaurants,NYQ,79.51
MSI,Technology,Communication Equipment,NYQ,78.42
DASH,Communication Services,Internet Content & Information,NMS,78.33
SAN,Financial Services,Banks - Diversified,NYQ,78.17
COF,Financial Services,Credit Services,NYQ,77.66
MDLZ,Consumer Defensive,Confectioners,NMS,77.54
FTNT,Technology,Software - Infrastructure,NMS,77.32
ZTS,Healthcare,Drug Manufacturers - Specialty & Generic,NYQ,77.1
RACE,Consumer Cyclical,Auto Manufacturers,NYQ,76.97
ITW,Industrials,Specialty Industrial Machinery,NYQ,76.53
TDG,Industrials,Aerospace & Defense,NYQ,75.84
TRI,Industrials,Specialty Business Services,NYQ,75.81
MCK,Healthcare,Medical Distribution,NYQ,75.5
AJG,Financial Services,Insurance Brokers,NYQ,75.4
CP,Industrials,Railroads,NYQ,74.95
ORLY,Consumer Cyclical,Specialty Retail,NMS,74.73
APD,Basic Materials,Specialty Chemicals,NYQ,74.55
USB,Financial Services,Banks - Regional,NYQ,74.54
EMR,Industrials,Specialty Industrial Machinery,NYQ,74.01
REGN,Healthcare,Biotechnology,NMS,73.95
BMO,Financial Services,Banks - Diversified,NYQ,73.11
COIN,Financial Services,Financial Data & Stock Exchanges,NMS,72.93
SCCO,Basic Materials,Copper,NYQ,72.42
DELL,Technology,Computer Hardware,NYQ,72.28
GSK,Healthcare,Drug Manufacturers - General,NYQ,71.96
BDX,Healthcare,Medical Instruments & Supplies,NYQ,71.81
RCL,Consumer Cyclical,Travel Services,NYQ,71.69
CVS,Healthcare,Healthcare Plans,NYQ,71.07
ECL,Basic Materials,Specialty Chemicals,NYQ,70.84
CL,Consumer Defensive,Household & Personal Products,NYQ,70.83
EPD,Energy,Oil & Gas Midstream,NYQ,70.77
EOG,Energy,Oil & Gas E&P,NYQ,70.75
NOC,Industrials,Aerospace & Defense,NYQ,70.54
MFG,Financial Services,Banks - Regional,NYQ,70.41
ET,Energy,Oil & Gas Midstream,NYQ,70.12
SE,Consumer Cyclical,Internet Retail,NYQ,69.95
WDAY,Technology,Software - Application,NMS,69.71
BNS,Financial Services,Banks - Diversified,NYQ,69.64
GD,Industrials,Aerospace & Defense,NYQ,69.47
RSG,Industrials,Waste Management,NYQ,67.91
WMB,Energy,Oil & Gas Midstream,NYQ,67.57
ADSK,Technology,Software - Application,NMS,67.1
CRH,Basic Materials,Building Materials,NYQ,67.04
DEO,Consumer Defensive,Beverages - Wineries & Distilleries,NYQ,66.65
NTES,Communication Services,Electronic Gaming & Multimedia,NMS,66.59
CNI,Industrials,Railroads,NYQ,66.39
CNQ,Energy,Oil & Gas E&P,NYQ,65.74
EQNR,Energy,Oil & Gas Integrated,NYQ,65.3
BBVA,Financial Services,Banks - Diversified,NYQ,65.28
SPG,Real Estate,REIT - Retail,NYQ,65.28
FDX,Industrials,Integrated Freight & Logistics,NYQ,63.79
NU,Financial Services,Banks - Regional,NYQ,63.64
CSX,Industrials,Railroads,NMS,63.39
TGT,Consumer Defensive,Discount Stores,NYQ,63.19
TFC,Financial Services,Banks - Regional,NYQ,62.67
JD,Consumer Cyclical,Internet Retail,NMS,62.49
HLT,Consumer Cyclical,Lodging,NYQ,62.42
ARES,Financial Services,Asset Management,NYQ,62.01
ROP,Technology,Software - Application,NMS,61.73
BK,Financial Services,Banks - Diversified,NYQ,61.67
KMI,Energy,Oil & Gas Midstream,NYQ,61.05
CM,Financial Services,Banks - Diversified,NYQ,60.46
NGG,Utilities,Utilities - Regulated Electric,NYQ,60.08
SNOW,Technology,Software - Application,NYQ,59.91
MET,Financial Services,Insurance - Life,NYQ,59.9
AFL,Financial Services,Insurance - Life,NYQ,59.65
CARR,Industrials,Building Products & Equipment,NYQ,59.19
TTD,Technology,Software - Application,NGM,58.58
PCAR,Industrials,Farm & Heavy Construction Machinery,NMS,58.15
NSC,Industrials,Railroads,NYQ,57.78
VST,Utilities,Utilities - Independent Power Producers,NYQ,57.17
OKE,Energy,Oil & Gas Midstream,NYQ,56.65
SLB,Energy,Oil & Gas Equipment & Services,NYQ,56.43
XYZ,Technology,Software - Infrastructure,NYQ,56.29
AZO,Consumer Cyclical,Specialty Retail,NYQ,56.22
CPRT,Industrials,Specialty Business Services,NMS,55.82
TRV,Financial Services,Insurance - Property & Casualty,NYQ,55.56
DLR,Real Estate,REIT - Specialty,NYQ,55.4
SQ,Technology,Software - Infrastructure,NYQ,53.9
ITUB,Financial Services,Banks - Regional,NYQ,53.19
PAYX,Technology,Software - Application,NMS,53.17
MFC,Financial Services,Insurance - Life,NYQ,53
NXPI,Technology,Semiconductors,NMS,53
MPLX,Energy,Oil & Gas Midstream,NYQ,52.99
BCS,Financial Services,Banks - Diversified,NYQ,52.85
FCX,Basic Materials,Copper,NYQ,52.65
SRE,Utilities,Utilities - Diversified,NYQ,52.53
AEP,Utilities,Utilities - Regulated Electric,NMS,52.38
PSA,Real Estate,REIT - Industrial,NYQ,52.29
AMP,Financial Services,Asset Management,NYQ,52.27
GWW,Industrials,Industrial Distribution,NYQ,51.75
JCI,Industrials,Building Products & Equipment,NYQ,51.49
HWM,Industrials,Aerospace & Defense,NYQ,51.42
ING,Financial Services,Banks - Diversified,NYQ,51.08
ALL,Financial Services,Insurance - Property & Casualty,NYQ,50.93
DFS,Financial Services,Credit Services,NYQ,50.54
LULU,Consumer Cyclical,Apparel Retail,NMS,50.44
LNG,Energy,Oil & Gas Midstream,NYQ,50.18
AXON,Industrials,Aerospace & Defense,NMS,49.73
ROST,Consumer Cyclical,Apparel Retail,NMS,49.67
URI,Industrials,Rental & Leasing Services,NYQ,49.51
COR,Healthcare,Medical Distribution,NYQ,49.28
GM,Consumer Cyclical,Auto Manufacturers,NYQ,49.25
NEM,Basic Materials,Gold,NYQ,49.06
CHTR,Communication Services,Telecom Services,NMS,49.04
CMI,Industrials,Specialty Industrial Machinery,NYQ,48.87
PSX,Energy,Oil & Gas Refining & Marketing,NYQ,48.68
DDOG,Technology,Software - Application,NMS,48.48
FANG,Energy,Oil & Gas E&P,NMS,47.99
O,Real Estate,REIT - Retail,NYQ,47.82
AEM,Basic Materials,Gold,NYQ,47.62
NET,Technology,Software - Infrastructure,NYQ,47.5
FLUT,Consumer Cyclical,Gambling,NYQ,47.42
WCN,Industrials,Waste Management,NYQ,47.41
MNST,Consumer Defensive,Beverages - Non-Alcoholic,NMS,47.37
NDAQ,Financial Services,Financial Data & Stock Exchanges,NMS,47.33
SU,Energy,Oil & Gas Integrated,NYQ,47.29
LYG,Financial Services,Banks - Regional,NYQ,47.01
TRP,Energy,Oil & Gas Midstream,NYQ,46.9
MPC,Energy,Oil & Gas Refining & Marketing,NYQ,46.83
MSCI,Financial Services,Financial Data & Stock Exchanges,NYQ,46.77
D,Utilities,Utilities - Regulated Electric,NYQ,46.7
RBLX,Communication Services,Electronic Gaming & Multimedia,NYQ,46.64
AIG,Financial Services,Insurance - Diversified,NYQ,45.95
HOOD,Financial Services,Capital Markets,NMS,45.92
TCOM,Consumer Cyclical,Travel Services,NMS,45.88
FICO,Technology,Software - Application,NYQ,45.8
BKR,Energy,Oil & Gas Equipment & Services,NMS,45.7
DHI,Consumer Cyclical,Residential Construction,NYQ,45.53
CTVA,Basic Materials,Agricultural Inputs,NYQ,45.46
PWR,Industrials,Engineering & Construction,NYQ,45.41
ALC,Healthcare,Medical Instruments & Supplies,NYQ,45.25
KR,Consumer Defensive,Grocery Stores,NYQ,44.6
GLW,Technology,Electronic Components,NYQ,44.54
CBRE,Real Estate,Real Estate Services,NYQ,44.29
TEL,Technology,Electronic Components,NYQ,44.15
VRT,Industrials,Electrical Equipment & Parts,NYQ,43.92
FIS,Technology,Information Technology Services,NYQ,43.86
HMC,Consumer Cyclical,Auto Manufacturers,NYQ,43.82
OXY,Energy,Oil & Gas E&P,NYQ,43.77
AMX,Communication Services,Telecom Services,NYQ,43.65
KDP,Consumer Defensive,Beverages - Non-Alcoholic,NMS,43.54
NWG,Financial Services,Banks - Regional,NYQ,43.44
DAL,Industrials,Airlines,NYQ,43.41
TAK,Healthcare,Drug Manufacturers - Specialty & Generic,NYQ,43.29
E,Energy,Oil & Gas Integrated,NYQ,43.2
EW,Healthcare,Medical Devices,NYQ,43.19
KMB,Consumer Defensive,Household & Personal Products,NYQ,43.12
PRU,Financial Services,Insurance - Life,NYQ,42.98
TRGP,Energy,Oil & Gas Midstream,NYQ,42.91
HES,Energy,Oil & Gas E&P,NYQ,42.84
HLN,Healthcare,Drug Manufacturers - Specialty & Generic,NYQ,42.82
AME,Industrials,Specialty Industrial Machinery,NYQ,42.69
CPNG,Consumer Cyclical,Internet Retail,NYQ,42.29
VLO,Energy,Oil & Gas Refining & Marketing,NYQ,42.11
FAST,Industrials,Industrial Distribution,NMS,41.99
IT,Technology,Information Technology Services,NYQ,41.87
PEG,Utilities,Utilities - Regulated Electric,NYQ,41.62
GRMN,Technology,Scientific & Technical Instruments,NYQ,41.45
CTSH,Technology,Information Technology Services,NMS,40.96
KVUE,Consumer Defensive,Household & Personal Products,NYQ,40.82
VRSK,Industrials,Consulting Services,NMS,40.59
GEHC,Healthcare,Health Information Services,NMS,40.34
HUBS,Technology,Software - Application,NYQ,40.24
LHX,Industrials,Aerospace & Defense,NYQ,40.21
EXC,Utilities,Utilities - Regulated Electric,NMS,40.19
VALE,Basic Materials,Other Industrial Metals & Mining,NYQ,40.09
F,Consumer Cyclical,Auto Manufacturers,NYQ,40.06
ARGX,Healthcare,Biotechnology,NMS,40.02
ODFL,Industrials,Trucking,NMS,39.63
DB,Financial Services,Banks - Regional,NYQ,39.16
STLA,Consumer Cyclical,Auto Manufacturers,NYQ,38.98
OWL,Financial Services,Asset Management,NYQ,38.85
CCI,Real Estate,REIT - Specialty,NYQ,38.8
XEL,Utilities,Utilities - Regulated Electric,NMS,38.59
WIT,Technology,Information Technology Services,NYQ,38.38
OTIS,Industrials,Specialty Industrial Machinery,NYQ,38.12
IR,Industrials,Specialty Industrial Machinery,NYQ,37.89
VEEV,Healthcare,Health Information Services,NYQ,37.87
CCL,Consumer Cyclical,Travel Services,NYQ,37.41
IQV,Healthcare,Diagnostics & Research,NYQ,36.55
YUM,Consumer Cyclical,Restaurants,NYQ,36.42
FERG,Industrials,Industrial Distribution,NYQ,36.35
CCEP,Consumer Defensive,Beverages - Non-Alcoholic,NMS,36.21
VMC,Basic Materials,Building Materials,NYQ,36.2
KHC,Consumer Defensive,Packaged Foods,NMS,36.08
WAB,Industrials,Railroads,NYQ,35.74
SYY,Consumer Defensive,Food Distribution,NYQ,35.67
ACGL,Financial Services,Insurance - Diversified,NMS,35.58
HUM,Healthcare,Healthcare Plans,NYQ,35.31
RDDT,Communication Services,Internet Content & Information,NYQ,35.04
ALNY,Healthcare,Biotechnology,NMS,34.99
UAL,Industrials,Airlines,NMS,34.81
ETR,Utilities,Utilities - Regulated Electric,NYQ,34.77
RMD,Healthcare,Medical Instruments & Supplies,NYQ,34.69
LEN,Consumer Cyclical,Residential Construction,NYQ,34.67
IDXX,Healthcare,Diagnostics & Research,NMS,34.56
RJF,Financial Services,Asset Management,NYQ,34.47
PCG,Utilities,Utilities - Regulated Electric,NYQ,34.33
EFX,Industrials,Consulting Services,NYQ,34.06
EXR,Real Estate,REIT - Industrial,NYQ,33.97
IMO,Energy,Oil & Gas Integrated,ASE,33.95
DXCM,Healthcare,Medical Devices,NMS,33.92
DECK,Consumer Cyclical,Footwear & Accessories,NYQ,33.9
BSBR,Financial Services,Banks - Regional,NYQ,33.65
MTB,Financial Services,Banks - Regional,NYQ,33.39
LYV,Communication Services,Entertainment,NYQ,33.36
MLM,Basic Materials,Building Materials,NYQ,33.26
LVS,Consumer Cyclical,Resorts & Casinos,NYQ,33.23
WTW,Financial Services,Insurance Brokers,NMS,33.2
SLF,Financial Services,Insurance - Diversified,NYQ,33.18
GIS,Consumer Defensive,Packaged Foods,NYQ,33.15
STZ,Consumer Defensive,Beverages - Brewers,NYQ,32.68
TTWO,Communication Services,Electronic Gaming & Multimedia,NMS,32.58
ED,Utilities,Utilities - Regulated Electric,NYQ,32.48
EBAY,Consumer Cyclical,Internet Retail,NMS,32.34
HIG,Financial Services,Insurance - Property & Casualty,NYQ,32.34
CNC,Healthcare,Healthcare Plans,NYQ,32.33
EA,Communication Services,Electronic Gaming & Multimedia,NMS,32.24
DD,Basic Materials,Specialty Chemicals,NYQ,32.1
CUK,Consumer Cyclical,Leisure,NYQ,31.76
AVB,Real Estate,REIT - Residential,NYQ,31.51
ROK,Industrials,Specialty Industrial Machinery,NYQ,31.47
CSGP,Real Estate,Real Estate Services,NMS,31.4
WEC,Utilities,Utilities - Regulated Electric,NYQ,31.4
VICI,Real Estate,REIT - Diversified,NYQ,31.38
MPWR,Technology,Semiconductors,NMS,31.09
ZS,Technology,Software - Infrastructure,NMS,31.09
FER,Industrials,Infrastructure Operations,NMS,30.94
KEYS,Technology,Scientific & Technical Instruments,NYQ,30.84
ANSS,Technology,Software - Application,NMS,30.65
CQP,Energy,Oil & Gas Midstream,NYQ,30.64
EQT,Energy,Oil & Gas E&P,NYQ,30.5
HPQ,Technology,Computer Hardware,NYQ,30.48
HSY,Consumer Defensive,Confectioners,NYQ,30.2
BIDU,Communication Services,Internet Content & Information,NMS,30.18
NUE,Basic Materials,Steel,NYQ,30.16
XYL,Industrials,Specialty Industrial Machinery,NYQ,30.13
CHT,Communication Services,Telecom Services,NYQ,30.13
GDDY,Technology,Software - Infrastructure,NYQ,29.98
EL,Consumer Defensive,Household & Personal Products,NYQ,29.95
BRO,Financial Services,Insurance Brokers,NYQ,29.93
CAH,Healthcare,Medical Distribution,NYQ,29.87
FCNCA,Financial Services,Banks - Regional,NMS,29.83
IRM,Real Estate,REIT - Specialty,NYQ,29.81
TPL,Energy,Oil & Gas E&P,NYQ,29.8
FITB,Financial Services,Banks - Regional,NMS,29.68
BNTX,Healthcare,Biotechnology,NMS,29.67
STT,Financial Services,Asset Management,NYQ,29.34
MCHP,Technology,Semiconductors,NMS,29.16
WDS,Energy,Oil & Gas E&P,NYQ,29.16
GOLD,Basic Materials,Gold,NYQ,29.12
HEI,Industrials,Aerospace & Defense,NYQ,29.06
TSCO,Consumer Cyclical,Specialty Retail,NMS,29.04
CVNA,Consumer Cyclical,Auto & Truck Dealerships,NYQ,28.94
IOT,Technology,Software - Infrastructure,NYQ,28.9
MTD,Healthcare,Diagnostics & Research,NYQ,28.79
GPN,Industrials,Specialty Business Services,NYQ,28.72
WPM,Basic Materials,Gold,NYQ,28.38
FTV,Technology,Scientific & Technical Instruments,NYQ,28.22
K,Consumer Defensive,Packaged Foods,NYQ,28.17
DOV,Industrials,Specialty Industrial Machinery,NYQ,27.94
HPE,Technology,Communication Equipment,NYQ,27.87
BR,Technology,Information Technology Services,NYQ,27.85
QSR,Consumer Cyclical,Restaurants,NYQ,27.79
TW,Financial Services,Capital Markets,NMS,27.69
SW,Consumer Cyclical,Packaging & Containers,NYQ,27.62
EQR,Real Estate,REIT - Residential,NYQ,27.62
DOW,Basic Materials,Chemicals,NYQ,27.48
LPLA,Financial Services,Capital Markets,NMS,27.39
SYF,Financial Services,Credit Services,NYQ,26.78
PPG,Basic Materials,Specialty Chemicals,NYQ,26.77
ZM,Technology,Software - Application,NMS,26.65
GIB,Technology,Information Technology Services,NYQ,26.6
CVE,Energy,Oil & Gas Integrated,NYQ,26.58
CDW,Technology,Information Technology Services,NMS,26.54
CPAY,Technology,Software - Infrastructure,NYQ,26.52
FNV,Basic Materials,Gold,NYQ,26.38
PHG,Healthcare,Medical Devices,NYQ,26.09
WSM,Consumer Cyclical,Specialty Retail,NYQ,26.02
TROW,Financial Services,Asset Management,NMS,25.97
CHD,Consumer Defensive,Household & Personal Products,NYQ,25.85
TYL,Technology,Software - Application,NYQ,25.75
WBD,Communication Services,Entertainment,NMS,25.61
VLTO,Industrials,Pollution & Treatment Controls,NYQ,25.57
NTR,Basic Materials,Agricultural Inputs,NYQ,25.53
ONC,Healthcare,Biotechnology,NMS,25.52
VTR,Real Estate,REIT - Healthcare Facilities,NYQ,25.35
NOK,Technology,Communication Equipment,NYQ,25.35
BAM,Financial Services,Asset Management,NYQ,25.25
AEE,Utilities,Utilities - Regulated Electric,NYQ,25.14
RYAAY,Industrials,Airlines,NMS,25.11
RKT,Financial Services,Mortgage Finance,NYQ,25.04
HBAN,Financial Services,Banks - Regional,NMS,25
NVR,Consumer Cyclical,Residential Construction,NYQ,24.92
TPG,Financial Services,Asset Management,NMS,24.89
DTE,Utilities,Utilities - Regulated Electric,NYQ,24.83
ERIC,Technology,Communication Equipment,NMS,24.83
NTAP,Technology,Computer Hardware,NMS,24.82
PPL,Utilities,Utilities - Regulated Electric,NYQ,24.8
WST,Healthcare,Medical Instruments & Supplies,NYQ,24.74
WAT,Healthcare,Diagnostics & Research,NYQ,24.67
LYB,Basic Materials,Specialty Chemicals,NYQ,24.53
ADM,Consumer Defensive,Farm Products,NYQ,24.52
LI,Consumer Cyclical,Auto Manufacturers,NMS,24.47
UI,Technology,Communication Equipment,NYQ,24.4
AWK,Utilities,Utilities - Regulated Water,NYQ,24.29
CHKP,Technology,Software - Infrastructure,NMS,23.98
ROL,Consumer Cyclical,Personal Services,NYQ,23.97
TDY,Technology,Scientific & Technical Instruments,NYQ,23.83
FWONA,Communication Services,Entertainment,NMS,23.62
FWONK,Communication Services,Entertainment,NMS,23.6
MKL,Financial Services,Insurance - Property & Casualty,NYQ,23.52
EXE,Energy,Oil & Gas E&P,NMS,23.48
KB,Financial Services,Banks - Regional,NYQ,23.39
ASX,Technology,Semiconductors,NYQ,23.38
NTRA,Healthcare,Diagnostics & Research,NMS,23.36
PHM,Consumer Cyclical,Residential Construction,NYQ,23.33
PTC,Technology,Software - Application,NMS,23.29
TOST,Technology,Software - Infrastructure,NYQ,23.24
TEF,Communication Services,Telecom Services,NYQ,23.07
FE,Utilities,Utilities - Regulated Electric,NYQ,22.94
GFS,Technology,Semiconductors,NMS,22.92
DRI,Consumer Cyclical,Restaurants,NYQ,22.87
HAL,Energy,Oil & Gas Equipment & Services,NYQ,22.86
FOXA,Communication Services,Entertainment,NMS,22.77
FOX,Communication Services,Entertainment,NMS,22.77
HUBB,Industrials,Electrical Equipment & Parts,NYQ,22.7
WDC,Technology,Computer Hardware,NMS,22.65
PUK,Financial Services,Insurance - Life,NYQ,22.6
TWLO,Technology,Software - Infrastructure,NYQ,22.48
DVN,Energy,Oil & Gas E&P,NYQ,22.4
RF,Financial Services,Banks - Regional,NYQ,22.39
ON,Technology,Semiconductors,NMS,22.29
WRB,Financial Services,Insurance - Property & Casualty,NYQ,22.29
PINS,Communication Services,Internet Content & Information,NYQ,22.28
IFF,Basic Materials,Specialty Chemicals,NYQ,22.27
WY,Real Estate,REIT - Specialty,NYQ,22.23
ATO,Utilities,Utilities - Regulated Gas,NYQ,22.18
PSTG,Technology,Computer Hardware,NYQ,22.12
CCJ,Energy,Uranium,NYQ,22.01
NTRS,Financial Services,Asset Management,NMS,22.01
EXPE,Consumer Cyclical,Travel Services,NMS,21.94
MDB,Technology,Software - Infrastructure,NGM,21.9
VIK,Consumer Cyclical,Travel Services,NYQ,21.85
BCE,Communication Services,Telecom Services,NYQ,21.82
ZBH,Healthcare,Medical Devices,NYQ,21.79
STE,Healthcare,Medical Devices,NYQ,21.78
VOD,Communication Services,Telecom Services,NMS,21.73
TU,Communication Services,Telecom Services,NYQ,21.7
FTS,Utilities,Utilities - Regulated Electric,NYQ,21.48
CINF,Financial Services,Insurance - Property & Casualty,NMS,21.42
CBOE,Financial Services,Financial Data & Stock Exchanges,BTS,21.39
SBAC,Real Estate,REIT - Specialty,NMS,21.24
IHG,Consumer Cyclical,Lodging,NYQ,21.24
CNP,Utilities,Utilities - Regulated Electric,NYQ,21.23
ES,Utilities,Utilities - Regulated Electric,NYQ,21.13
LII,Industrials,Building Products & Equipment,NYQ,21.09
ERIE,Financial Services,Insurance Brokers,NMS,21.07
ILMN,Healthcare,Diagnostics & Research,NMS,21.05
PBA,Energy,Oil & Gas Midstream,NYQ,21.01
BIIB,Healthcare,Drug Manufacturers - General,NMS,20.97
CFG,Financial Services,Banks - Regional,NYQ,20.96
TECK,Basic Materials,Other Industrial Metals & Mining,NYQ,20.92
EIX,Utilities,Utilities - Regulated Electric,NYQ,20.91
LH,Healthcare,Diagnostics & Research,NYQ,20.89
NRG,Utilities,Utilities - Independent Power Producers,NYQ,20.75
MKC,Consumer Defensive,Packaged Foods,NYQ,20.71
VRSN,Technology,Software - Infrastructure,NMS,20.66
TS,Energy,Oil & Gas Equipment & Services,NYQ,20.65
EME,Industrials,Engineering & Construction,NYQ,20.61
DKNG,Consumer Cyclical,Gambling,NMS,20.46
CTRA,Energy,Oil & Gas E&P,NYQ,20.41
STX,Technology,Computer Hardware,NMS,20.4
ZBRA,Technology,Communication Equipment,NMS,20.22
BBDO,Financial Services,Banks - Regional,NYQ,20.18
TEVA,Healthcare,Drug Manufacturers - Specialty & Generic,NYQ,20.16
CG,Financial Services,Asset Management,NMS,20.14
STM,Technology,Semiconductors,NYQ,20.13
TSN,Consumer Defensive,Farm Products,NYQ,20.12
SSNC,Technology,Software - Application,NMS,20.05
BEKE,Real Estate,Real Estate Services,NYQ,20.02
BBD,Financial Services,Banks - Regional,NYQ,19.98
KEY,Financial Services,Banks - Regional,NYQ,19.9
CMS,Utilities,Utilities - Regulated Electric,NYQ,19.72
CLX,Consumer Defensive,Household & Personal Products,NYQ,19.64
EC,Energy,Oil & Gas Integrated,NYQ,19.57
DKS,Consumer Cyclical,Specialty Retail,NYQ,19.56
DOCU,Technology,Software - Application,NMS,19.54
NMR,Financial Services,Capital Markets,NYQ,19.54
PODD,Healthcare,Medical Devices,NMS,19.53
STLD,Basic Materials,Steel,NMS,19.52
TME,Communication Services,Internet Content & Information,NYQ,19.52
Z,Communication Services,Internet Content & Information,NMS,19.39
ZG,Communication Services,Internet Content & Information,NMS,19.39
ONON,Consumer Cyclical,Footwear & Accessories,NYQ,19.36
WSO,Industrials,Industrial Distribution,NYQ,19.36
TRU,Financial Services,Financial Data & Stock Exchanges,NYQ,19.34
IP,Consumer Cyclical,Packaging & Containers,NYQ,19.33
MT,Basic Materials,Steel,NYQ,19.3
AFRM,Technology,Software - Infrastructure,NMS,19.28
COO,Healthcare,Medical Instruments & Supplies,NMS,19.27
CRBG,Financial Services,Asset Management,NYQ,19.27
BLDR,Industrials,Building Products & Equipment,NYQ,19.25
ULTA,Consumer Cyclical,Specialty Retail,NMS,19.11
PKG,Consumer Cyclical,Packaging & Containers,NYQ,19.1
INVH,Real Estate,REIT - Residential,NYQ,19.08
KSPI,Technology,Software - Infrastructure,NMS,18.95
LDOS,Technology,Information Technology Services,NYQ,18.95
ESS,Real Estate,REIT - Residential,NYQ,18.95
SNAP,Communication Services,Internet Content & Information,NYQ,18.94
TER,Technology,Semiconductor Equipment & Materials,NMS,18.86
PFG,Financial Services,Asset Management,NMS,18.86
GRAB,Technology,Software - Application,NMS,18.69
SNA,Industrials,Tools & Accessories,NYQ,18.64
RPRX,Healthcare,Biotechnology,NMS,18.61
L,Financial Services,Insurance - Property & Casualty,NYQ,18.51
AS,Consumer Cyclical,Leisure,NYQ,18.46
NTNX,Technology,Software - Infrastructure,NMS,18.42
LUV,Industrials,Airlines,NYQ,18.42
TRMB,Technology,Scientific & Technical Instruments,NMS,18.42
BBY,Consumer Cyclical,Specialty Retail,NYQ,18.36
MAA,Real Estate,REIT - Residential,NYQ,18.3
CYBR,Technology,Software - Infrastructure,NMS,18.29
AER,Industrials,Rental & Leasing Services,NYQ,18.14
FITBI,Financial Services,Banks - Regional,NMS,18.12
FDS,Financial Services,Financial Data & Stock Exchanges,NYQ,18.04
DGX,Healthcare,Diagnostics & Research,NYQ,18.04
BURL,Consumer Cyclical,Apparel Retail,NYQ,18.02
SOFI,Financial Services,Credit Services,NMS,18.01
FSLR,Technology,Solar,NMS,17.93
YPF,Energy,Oil & Gas Integrated,NYQ,17.87
JBL,Technology,Electronic Components,NYQ,17.79
MOH,Healthcare,Healthcare Plans,NYQ,17.76
GWRE,Technology,Software - Application,NYQ,17.65
CSL,Industrials,Building Products & Equipment,NYQ,17.65
SHG,Financial Services,Banks - Regional,NYQ,17.63
RYAN,Financial Services,Insurance - Specialty,NYQ,17.43
YUMC,Consumer Cyclical,Restaurants,NYQ,17.43
NI,Utilities,Utilities - Regulated Gas,NYQ,17.41
KOF,Consumer Defensive,Beverages - Non-Alcoholic,NYQ,17.39
J,Industrials,Engineering & Construction,NYQ,17.38
DT,Technology,Software - Application,NYQ,17.29
FFIV,Technology,Software - Infrastructure,NMS,17.25
SYM,Industrials,Specialty Industrial Machinery,NGM,17.24
JBHT,Industrials,Integrated Freight & Logistics,NMS,17.22
GEN,Technology,Software - Infrastructure,NMS,17.19
GFL,Industrials,Waste Management,NYQ,17.16
PNR,Industrials,Specialty Industrial Machinery,NYQ,17.13
MAS,Industrials,Building Products & Equipment,NYQ,17.1
OMC,Communication Services,Advertising Agencies,NYQ,17.05
EQH,Financial Services,Asset Management,NYQ,17.05
TPR,Consumer Cyclical,Luxury Goods,NYQ,17
IEX,Industrials,Specialty Industrial Machinery,NYQ,16.99
ARE,Real Estate,REIT - Office,NYQ,16.85
SUI,Real Estate,REIT - Residential,NYQ,16.77
SMCI,Technology,Computer Hardware,NMS,16.7
AZPN,Technology,Software - Application,NMS,16.68
NWSA,Communication Services,Entertainment,NMS,16.62
BALL,Consumer Cyclical,Packaging & Containers,NYQ,16.62
NWS,Communication Services,Entertainment,NMS,16.62
BAX,Healthcare,Medical Instruments & Supplies,NYQ,16.62
WMG,Communication Services,Entertainment,NMS,16.53
RBA,Industrials,Specialty Business Services,NYQ,16.53
USFD,Consumer Defensive,Food Distribution,NYQ,16.52
BAH,Industrials,Consulting Services,NYQ,16.48
HRL,Consumer Defensive,Packaged Foods,NYQ,16.46
ICLR,Healthcare,Diagnostics & Research,NMS,16.44
ALGN,Healthcare,Medical Instruments & Supplies,NMS,16.36
RPM,Basic Materials,Specialty Chemicals,NYQ,16.28
HOLX,Healthcare,Medical Instruments & Supplies,NMS,16.28
CHWY,Consumer Cyclical,Internet Retail,NYQ,16.21
TLK,Communication Services,Telecom Services,NYQ,16.18
GPC,Consumer Cyclical,Auto Parts,NYQ,16.16
FLEX,Technology,Electronic Components,NMS,16.15
OKTA,Technology,Software - Infrastructure,NMS,16.15
ALAB,Technology,Semiconductors,NMS,16.09
CNH,Industrials,Farm & Heavy Construction Machinery,NYQ,16.09
CF,Basic Materials,Agricultural Inputs,NYQ,16.05
DUOL,Technology,Software - Application,NMS,15.98
FNF,Financial Services,Insurance - Specialty,NYQ,15.92
EXPD,Industrials,Integrated Freight & Logistics,NYQ,15.9
ARCC,Financial Services,Asset Management,NMS,15.87
SMMT,Healthcare,Biotechnology,NGM,15.86
JEF,Financial Services,Capital Markets,NYQ,15.85
SFM,Consumer Defensive,Grocery Stores,NMS,15.83
OC,Industrials,Building Products & Equipment,NYQ,15.83
DLTR,Consumer Defensive,Discount Stores,NMS,15.77
UTHR,Healthcare,Biotechnology,NMS,15.68
SN,Consumer Cyclical,"Furnishings, Fixtures & Appliances",NYQ,15.68
UDR,Real Estate,REIT - Residential,NYQ,15.68
RS,Basic Materials,Steel,NYQ,15.67
WES,Energy,Oil & Gas Midstream,NYQ,15.66
DG,Consumer Defensive,Discount Stores,NYQ,15.63
ZTO,Industrials,Integrated Freight & Logistics,NYQ,15.58
XPO,Industrials,Trucking,NYQ,15.56
FIX,Industrials,Engineering & Construction,NYQ,15.55
GFI,Basic Materials,Gold,NYQ,15.55
DPZ,Consumer Cyclical,Restaurants,NMS,15.51
RL,Consumer Cyclical,Apparel Manufacturing,NYQ,15.51
CAVA,Consumer Cyclical,Restaurants,NYQ,15.47
NBIX,Healthcare,Drug Manufacturers - Specialty & Generic,NMS,15.37
RVTY,Healthcare,Diagnostics & Research,NYQ,15.35
CASY,Consumer Cyclical,Specialty Retail,NMS,15.35
ENTG,Technology,Semiconductor Equipment & Materials,NMS,15.33
UMC,Technology,Semiconductors,NYQ,15.32
RCI,Communication Services,Telecom Services,NYQ,15.23
AU,Basic Materials,Gold,NYQ,15.21
BIP,Utilities,Utilities - Diversified,NYQ,15.21
H,Consumer Cyclical,Lodging,NYQ,15.2
MRNA,Healthcare,Biotechnology,NMS,15.17
AVTR,Healthcare,Medical Instruments & Supplies,NYQ,15.16
LINE,Real Estate,REIT - Industrial,NMS,15.13
KIM,Real Estate,REIT - Retail,NYQ,15.13
LNT,Utilities,Utilities - Regulated Electric,NMS,15.11
RGA,Financial Services,Insurance - Reinsurance,NYQ,15.01
AKAM,Technology,Software - Infrastructure,NMS,15.01
EG,Financial Services,Insurance - Reinsurance,NYQ,14.94
AVY,Consumer Cyclical,Packaging & Containers,NYQ,14.92
LOGI,Technology,Computer Hardware,NMS,14.86
APTV,Consumer Cyclical,Auto Parts,NYQ,14.79
EVRG,Utilities,Utilities - Regulated Electric,NMS,14.78
WLK,Basic Materials,Specialty Chemicals,NYQ,14.71
FMS,Healthcare,Medical Care Facilities,NYQ,14.65
JHX,Basic Materials,Building Materials,NYQ,14.59
AMH,Real Estate,REIT - Residential,NYQ,14.58
BAP,Financial Services,Banks - Regional,NYQ,14.54
BEP,Utilities,Utilities - Renewable,NYQ,14.47
DOC,Real Estate,REIT - Healthcare Facilities,NYQ,14.45
DVA,Healthcare,Medical Care Facilities,NYQ,14.45
EPAM,Technology,Information Technology Services,NYQ,14.4
VIV,Communication Services,Telecom Services,NYQ,14.36
XPEV,Consumer Cyclical,Auto Manufacturers,NYQ,14.35
CLS,Technology,Electronic Components,NYQ,14.33
INCY,Healthcare,Biotechnology,NMS,14.29
SWKS,Technology,Semiconductors,NMS,14.27
EWBC,Financial Services,Banks - Regional,NMS,14.25
GGG,Industrials,Specialty Industrial Machinery,NYQ,14.21
TXT,Industrials,Aerospace & Defense,NYQ,14.19
KGC,Basic Materials,Gold,NYQ,14.18
EBR,Utilities,Utilities - Renewable,NYQ,14.18
AMCR,Consumer Cyclical,Packaging & Containers,NYQ,14.09
MORN,Financial Services,Financial Data & Stock Exchanges,NMS,14.09
PFGC,Consumer Defensive,Food Distribution,NYQ,14.07
BSY,Technology,Software - Application,NMS,14.07
COHR,Technology,Scientific & Technical Instruments,NYQ,14
ACM,Industrials,Engineering & Construction,NYQ,13.99
PAA,Energy,Oil & Gas Midstream,NMS,13.93
UNM,Financial Services,Insurance - Life,NYQ,13.92
INSM,Healthcare,Biotechnology,NMS,13.7
PKX,Basic Materials,Steel,NYQ,13.68
ESLT,Industrials,Aerospace & Defense,NMS,13.62
SWK,Industrials,Tools & Accessories,NYQ,13.58
TOL,Consumer Cyclical,Residential Construction,NYQ,13.57
RBRK,Technology,Software - Infrastructure,NYQ,13.57
ITCI,Healthcare,Drug Manufacturers - Specialty & Generic,NMS,13.5
VTRS,Healthcare,Drug Manufacturers - Specialty & Generic,NMS,13.46
JLL,Real Estate,Real Estate Services,NYQ,13.42
THC,Healthcare,Medical Care Facilities,NYQ,13.4
MBLY,Consumer Cyclical,Auto Parts,NMS,13.4
CNA,Financial Services,Insurance - Property & Casualty,NYQ,13.39
SUZ,Basic Materials,Paper & Paper Products,NYQ,13.38
FUTU,Financial Services,Capital Markets,NGM,13.33
GLPI,Real Estate,REIT - Specialty,NMS,13.29
CW,Industrials,Aerospace & Defense,NYQ,13.17
KMX,Consumer Cyclical,Auto & Truck Dealerships,NYQ,13.17
REG,Real Estate,REIT - Retail,NMS,13.12
POOL,Industrials,Industrial Distribution,NMS,13.1
ELS,Real Estate,REIT - Residential,NYQ,13.1
BJ,Consumer Defensive,Discount Stores,NYQ,13.08
RKLB,Industrials,Aerospace & Defense,NCM,13.04
FTI,Energy,Oil & Gas Equipment & Services,NYQ,13.02
LAMR,Real Estate,REIT - Specialty,NMS,12.98
BXP,Real Estate,REIT - Office,NYQ,12.9
WIX,Technology,Software - Infrastructure,NMS,12.89
RIVN,Consumer Cyclical,Auto Manufacturers,NMS,12.82
SOLV,Healthcare,Health Information Services,NYQ,12.79
SAIA,Industrials,Trucking,NMS,12.77
MNDY,Technology,Software - Application,NMS,12.74
MANH,Technology,Software - Application,NMS,12.71
JKHY,Technology,Information Technology Services,NMS,12.7
HLI,Financial Services,Capital Markets,NYQ,12.64
GMED,Healthcare,Medical Devices,NYQ,12.63
ACGLO,Financial Services,Insurance - Diversified,NMS,12.61
TKO,Communication Services,Entertainment,NYQ,12.6
RTO,Industrials,Specialty Business Services,NYQ,12.58
NDSN,Industrials,Specialty Industrial Machinery,NMS,12.57
CLH,Industrials,Waste Management,NYQ,12.56
BCH,Financial Services,Banks - Regional,NYQ,12.5
GMAB,Healthcare,Biotechnology,NMS,12.5
NCLH,Consumer Cyclical,Travel Services,NYQ,12.47
GGAL,Financial Services,Banks - Regional,NCM,12.44
UHS,Healthcare,Medical Care Facilities,NYQ,12.44
KVYO,Technology,Software - Infrastructure,NYQ,12.41
CART,Consumer Cyclical,Internet Retail,NMS,12.4
ITT,Industrials,Specialty Industrial Machinery,NYQ,12.38
CIEN,Technology,Communication Equipment,NYQ,12.38
CAG,Consumer Defensive,Packaged Foods,NYQ,12.36
UHAL,Industrials,Rental & Leasing Services,NYQ,12.35
PRMB,Consumer Defensive,Beverages - Non-Alcoholic,NYQ,12.28
WPC,Real Estate,REIT - Diversified,NYQ,12.24
CPT,Real Estate,REIT - Residential,NYQ,12.13
TXRH,Consumer Cyclical,Restaurants,NMS,12.08
BMRN,Healthcare,Biotechnology,NMS,12.08
SNX,Technology,Electronics & Computer Distribution,NYQ,12.06
ROKU,Communication Services,Entertainment,NMS,12.02
GME,Consumer Cyclical,Specialty Retail,NYQ,12.02
SF,Financial Services,Capital Markets,NYQ,12.02
MMYT,Consumer Cyclical,Travel Services,NMS,12
COKE,Consumer Defensive,Beverages - Non-Alcoholic,NMS,11.98
PAYC,Technology,Software - Application,NYQ,11.97
ALLY,Financial Services,Credit Services,NYQ,11.9
NLY,Real Estate,REIT - Mortgage,NYQ,11.84
HST,Real Estate,REIT - Hotel & Motel,NMS,11.84
PCOR,Technology,Software - Application,NYQ,11.83
GTLB,Technology,Software - Infrastructure,NMS,11.81
YMM,Technology,Software - Application,NYQ,11.78
PR,Energy,Oil & Gas E&P,NYQ,11.77
CHRW,Industrials,Integrated Freight & Logistics,NMS,11.76
CRDO,Technology,Semiconductors,NMS,11.71
AUR,Technology,Information Technology Services,NMS,11.7
TECH,Healthcare,Biotechnology,NMS,11.69
ESTC,Technology,Software - Application,NYQ,11.67
RNR,Financial Services,Insurance - Reinsurance,NYQ,11.67
BEN,Financial Services,Asset Management,NYQ,11.65
ACI,Consumer Defensive,Grocery Stores,NYQ,11.62
AR,Energy,Oil & Gas E&P,NYQ,11.61
AFG,Financial Services,Insurance - Property & Casualty,NYQ,11.6
CPB,Consumer Defensive,Packaged Foods,NMS,11.56
EMN,Basic Materials,Specialty Chemicals,NYQ,11.55
JNPR,Technology,Communication Equipment,NYQ,11.54
ALLE,Industrials,Security & Protection Services,NYQ,11.54
RDY,Healthcare,Drug Manufacturers - Specialty & Generic,NYQ,11.51
MTZ,Industrials,Engineering & Construction,NYQ,11.5
FHN,Financial Services,Banks - Regional,NYQ,11.47
PCTY,Technology,Software - Application,NMS,11.46
OVV,Energy,Oil & Gas E&P,NYQ,11.42
MGA,Consumer Cyclical,Auto Parts,NYQ,11.42
SJM,Consumer Defensive,Packaged Foods,NYQ,11.37
SKX,Consumer Cyclical,Footwear & Accessories,NYQ,11.37
CNM,Industrials,Industrial Distribution,NYQ,11.33
SCI,Consumer Cyclical,Personal Services,NYQ,11.3
TAP,Consumer Defensive,Beverages - Brewers,NYQ,11.29
LECO,Industrials,Tools & Accessories,NMS,11.22
SNN,Healthcare,Medical Devices,NYQ,11.21
TFII,Industrials,Trucking,NYQ,11.18
DAY,Technology,Software - Application,NYQ,11.16
SBS,Utilities,Utilities - Regulated Water,NYQ,11.15
PSO,Communication Services,Publishing,NYQ,11.14
BIRK,Consumer Cyclical,Footwear & Accessories,NYQ,11.11
EVR,Financial Services,Capital Markets,NYQ,11.09
PAG,Consumer Cyclical,Auto & Truck Dealerships,NYQ,11.06
PPC,Consumer Defensive,Packaged Foods,NMS,11.04
AIZ,Financial Services,Insurance - Property & Casualty,NYQ,11.04
SQM,Basic Materials,Specialty Chemicals,NYQ,11.03
DOCS,Healthcare,Health Information Services,NYQ,11.03
PCVX,Healthcare,Biotechnology,NMS,11.01
WWD,Industrials,Aerospace & Defense,NMS,11
SEIC,Financial Services,Asset Management,NMS,10.98
RBC,Industrials,Tools & Accessories,NYQ,10.97
TPX,Consumer Cyclical,"Furnishings, Fixtures & Appliances",NYQ,10.96
LBRDK,Communication Services,Telecom Services,NMS,10.94
LBRDA,Communication Services,Telecom Services,NMS,10.94
SRPT,Healthcare,Biotechnology,NMS,10.86
MEDP,Healthcare,Diagnostics & Research,NMS,10.85
RADX,Healthcare,Biotechnology,NCM,10.83
FOUR,Technology,Software - Infrastructure,NYQ,10.8
ULS,Industrials,Specialty Business Services,NYQ,10.79
AEG,Financial Services,Insurance - Diversified,NYQ,10.74
NVT,Industrials,Electrical Equipment & Parts,NYQ,10.73
BNT,Financial Services,Insurance - Diversified,NYQ,10.73
FND,Consumer Cyclical,Home Improvement Retail,NYQ,10.73
IPG,Communication Services,Advertising Agencies,NYQ,10.68
SSB,Financial Services,Banks - Regional,NYQ,10.68
BG,Consumer Defensive,Farm Products,NYQ,10.63
APG,Industrials,Engineering & Construction,NYQ,10.59
BWXT,Industrials,Aerospace & Defense,NYQ,10.54
ATR,Healthcare,Medical Instruments & Supplies,NYQ,10.52
RRX,Industrials,Specialty Industrial Machinery,NYQ,10.51
CCK,Consumer Cyclical,Packaging & Containers,NYQ,10.51
NICE,Technology,Software - Application,NMS,10.46
WPP,Communication Services,Advertising Agencies,NYQ,10.43
DTM,Energy,Oil & Gas Midstream,NYQ,10.4
BLD,Industrials,Engineering & Construction,NYQ,10.39
EXAS,Healthcare,Diagnostics & Research,NCM,10.37
WBS,Financial Services,Banks - Regional,NYQ,10.32
FTAI,Industrials,Rental & Leasing Services,NMS,10.31
ARMK,Industrials,Specialty Business Services,NYQ,10.31
KNSL,Financial Services,Insurance - Property & Casualty,NYQ,10.29
AYI,Industrials,Electrical Equipment & Parts,NYQ,10.29
OHI,Real Estate,REIT - Healthcare Facilities,NYQ,10.28
MGM,Consumer Cyclical,Resorts & Casinos,NYQ,10.27
PEN,Healthcare,Medical Devices,NYQ,10.25
GL,Financial Services,Insurance - Life,NYQ,10.25
TLN,Utilities,Utilities - Independent Power Producers,NMS,10.19
ALSN,Consumer Cyclical,Auto Parts,NYQ,10.18
MUSA,Consumer Cyclical,Specialty Retail,NYQ,10.18
VFC,Consumer Cyclical,Apparel Manufacturing,NYQ,10.12
ONTO,Technology,Semiconductor Equipment & Materials,NYQ,10.11
BIO,Healthcare,Medical Devices,NYQ,10.1
HTHT,Consumer Cyclical,Lodging,NMS,10.07
LAD,Consumer Cyclical,Auto & Truck Dealerships,NYQ,10.02
BILL,Technology,Software - Application,NYQ,10.02
BPYPP,Real Estate,Real Estate Services,NMS,10.01
GLBE,Consumer Cyclical,Internet Retail,NMS,10
EHC,Healthcare,Medical Care Facilities,NYQ,10
BRBR,Consumer Defensive,Packaged Foods,NYQ,9.98
AIT,Industrials,Industrial Distribution,NYQ,9.98
DSGX,Technology,Software - Application,NMS,9.96
DOX,Technology,Software - Infrastructure,NMS,9.95
HSIC,Healthcare,Medical Distribution,NMS,9.93
ALB,Basic Materials,Specialty Chemicals,NYQ,9.9
PNW,Utilities,Utilities - Regulated Electric,NYQ,9.89
UWMC,Financial Services,Mortgage Finance,NYQ,9.87
TTEK,Industrials,Engineering & Construction,NMS,9.86
MTSI,Technology,Semiconductors,NMS,9.83
CR,Industrials,Specialty Industrial Machinery,NYQ,9.82
PAC,Industrials,Airports & Air Services,NYQ,9.78
AOS,Industrials,Specialty Industrial Machinery,NYQ,9.76
WTRG,Utilities,Utilities - Regulated Water,NYQ,9.74
CFLT,Technology,Software - Infrastructure,NMS,9.73
LKQ,Consumer Cyclical,Auto Parts,NMS,9.72
DBX,Technology,Software - Infrastructure,NMS,9.69
PRI,Financial Services,Insurance - Life,NYQ,9.68
WAL,Financial Services,Banks - Regional,NYQ,9.67
CRS,Industrials,Metal Fabrication,NYQ,9.65
QGEN,Healthcare,Diagnostics & Research,NYQ,9.65
PNFP,Financial Services,Banks - Regional,NMS,9.64
BROS,Consumer Cyclical,Restaurants,NYQ,9.64
CIB,Financial Services,Banks - Regional,NYQ,9.63
BSAC,Financial Services,Banks - Regional,NYQ,9.62
HQY,Healthcare,Health Information Services,NMS,9.58
WYNN,Consumer Cyclical,Resorts & Casinos,NMS,9.54
CUBE,Real Estate,REIT - Industrial,NYQ,9.54
EXEL,Healthcare,Biotechnology,NMS,9.47
ALTR,Technology,Software - Application,NMS,9.44
EDR,Communication Services,Entertainment,NYQ,9.42
REXR,Real Estate,REIT - Industrial,NYQ,9.4
WMS,Industrials,Building Products & Equipment,NYQ,9.37
DRS,Industrials,Aerospace & Defense,NMS,9.34
MASI,Healthcare,Medical Devices,NMS,9.33
KEP,Utilities,Utilities - Regulated Electric,NYQ,9.33
RGEN,Healthcare,Medical Instruments & Supplies,NMS,9.31
FRT,Real Estate,REIT - Retail,NYQ,9.3
PEGA,Technology,Software - Application,NMS,9.29
ORI,Financial Services,Insurance - Property & Casualty,NYQ,9.28
KNX,Industrials,Trucking,NYQ,9.24
APPF,Technology,Software - Application,NGM,9.21
MIDD,Industrials,Specialty Industrial Machinery,NMS,9.21
GLOB,Technology,Information Technology Services,NYQ,9.2
SUM,Basic Materials,Building Materials,NYQ,9.2
LTM,Industrials,Airlines,NYQ,9.2
RGLD,Basic Materials,Gold,NMS,9.19
PLNT,Consumer Cyclical,Leisure,NYQ,9.15
VFS,Consumer Cyclical,Auto Manufacturers,NMS,9.12
NIO,Consumer Cyclical,Auto Manufacturers,NYQ,9.11
GAP,Consumer Cyclical,Apparel Retail,NYQ,9.08
CHDN,Consumer Cyclical,Gambling,NMS,9.08
WCC,Industrials,Industrial Distribution,NYQ,9.07
GTLS,Industrials,Specialty Industrial Machinery,NYQ,9.06
TEM,Healthcare,Health Information Services,NMS,9.04
CFR,Financial Services,Banks - Regional,NYQ,9.02
ALK,Industrials,Airlines,NYQ,9.02
VERX,Technology,Software - Application,NGM,9.01
CBSH,Financial Services,Banks - Regional,NMS,8.99
VNO,Real Estate,REIT - Office,NYQ,8.98
SARO,Industrials,Aerospace & Defense,NYQ,8.98
AGI,Basic Materials,Gold,NYQ,8.96
MLI,Industrials,Metal Fabrication,NYQ,8.96
MTCH,Communication Services,Internet Content & Information,NMS,8.96
AGNC,Real Estate,REIT - Mortgage,NMS,8.95
RRC,Energy,Oil & Gas E&P,NYQ,8.94
U,Technology,Software - Application,NYQ,8.94
AGNCM,Real Estate,REIT - Mortgage,NMS,8.91
FYBR,Communication Services,Telecom Services,NMS,8.9
FBIN,Industrials,Building Products & Equipment,NYQ,8.9
NYT,Communication Services,Publishing,NYQ,8.9
INGR,Consumer Defensive,Packaged Foods,NYQ,8.89
GNRC,Industrials,Specialty Industrial Machinery,NYQ,8.88
WBA,Healthcare,Pharmaceutical Retailers,NMS,8.88
MOS,Basic Materials,Agricultural Inputs,NYQ,8.86
STN,Industrials,Engineering & Construction,NYQ,8.85
CMA,Financial Services,Banks - Regional,NYQ,8.85
VNOM,Energy,Oil & Gas Midstream,NMS,8.84
HESM,Energy,Oil & Gas Midstream,NYQ,8.83
HLNE,Financial Services,Asset Management,NMS,8.82
BRKR,Healthcare,Medical Devices,NMS,8.82
KD,Technology,Information Technology Services,NYQ,8.82
AGNCN,Real Estate,REIT - Mortgage,NMS,8.8
WTFC,Financial Services,Banks - Regional,NMS,8.7
GKOS,Healthcare,Medical Devices,NYQ,8.7
WING,Consumer Cyclical,Restaurants,NMS,8.7
CACI,Technology,Information Technology Services,NYQ,8.66
IVZ,Financial Services,Asset Management,NYQ,8.62
CX,Basic Materials,Building Materials,NYQ,8.6
G,Technology,Information Technology Services,NYQ,8.59
OGE,Utilities,Utilities - Regulated Electric,NYQ,8.58
DCI,Industrials,Specialty Industrial Machinery,NYQ,8.56
ZION,Financial Services,Banks - Regional,NMS,8.56
EXP,Basic Materials,Building Materials,NYQ,8.55
IONQ,Technology,Computer Hardware,NYQ,8.55
LW,Consumer Defensive,Packaged Foods,NYQ,8.55
FRHC,Financial Services,Capital Markets,NCM,8.54
KT,Communication Services,Telecom Services,NYQ,8.52
CRL,Healthcare,Diagnostics & Research,NYQ,8.47
GPK,Consumer Cyclical,Packaging & Containers,NYQ,8.44
PAAS,Basic Materials,Gold,NYQ,8.44
TTC,Industrials,Tools & Accessories,NYQ,8.43
PSN,Technology,Information Technology Services,NYQ,8.42
CHE,Healthcare,Medical Care Facilities,NYQ,8.42
ENPH,Technology,Solar,NGM,8.41
EGP,Real Estate,REIT - Industrial,NYQ,8.4
TFX,Healthcare,Medical Instruments & Supplies,NYQ,8.37
DLB,Industrials,Specialty Business Services,NYQ,8.35
ASR,Industrials,Airports & Air Services,NYQ,8.34
MKTX,Financial Services,Capital Markets,NMS,8.32
LCID,Consumer Cyclical,Auto Manufacturers,NMS,8.31
X,Basic Materials,Steel,NYQ,8.3
WF,Financial Services,Banks - Regional,NYQ,8.28
FLR,Industrials,Engineering & Construction,NYQ,8.27
FSV,Real Estate,Real Estate Services,NMS,8.26
ATI,Industrials,Metal Fabrication,NYQ,8.24
FLS,Industrials,Specialty Industrial Machinery,NYQ,8.23
LPX,Industrials,Building Products & Equipment,NYQ,8.22
SKM,Communication Services,Telecom Services,NYQ,8.18
WH,Consumer Cyclical,Lodging,NYQ,8.17
BBWI,Consumer Cyclical,Specialty Retail,NYQ,8.15
HIMS,Consumer Defensive,Household & Personal Products,NYQ,8.14
SIRI,Communication Services,Entertainment,NMS,8.13
APA,Energy,Oil & Gas E&P,NMS,8.11
ROIV,Healthcare,Biotechnology,NMS,8.1
EXLS,Technology,Information Technology Services,NMS,8.09
EAT,Consumer Cyclical,Restaurants,NYQ,8.08
HAS,Consumer Cyclical,Leisure,NMS,8.07
PATH,Technology,Software - Infrastructure,NYQ,8.01
GIL,Consumer Cyclical,Apparel Manufacturing,NYQ,8.01
ENSG,Healthcare,Medical Care Facilities,NMS,8
EDU,Consumer Defensive,Education & Training Services,NYQ,7.97
ADC,Real Estate,REIT - Retail,NYQ,7.96
SNV,Financial Services,Banks - Regional,NYQ,7.96
AGCO,Industrials,Farm & Heavy Construction Machinery,NYQ,7.94
RVMD,Healthcare,Biotechnology,NMS,7.94
SMAR,Technology,Software - Application,NYQ,7.91
SATS,Technology,Communication Equipment,NMS,7.91
LSCC,Technology,Semiconductors,NMS,7.87
BRX,Real Estate,REIT - Retail,NYQ,7.87
BERY,Consumer Cyclical,Packaging & Containers,NYQ,7.86
FN,Technology,Electronic Components,NYQ,7.84
OTEX,Technology,Software - Application,NMS,7.84
INFA,Technology,Software - Infrastructure,NYQ,7.84
AXTA,Basic Materials,Specialty Chemicals,NYQ,7.84
AM,Energy,Oil & Gas Midstream,NYQ,7.82
AES,Utilities,Utilities - Diversified,NYQ,7.82
ASND,Healthcare,Biotechnology,NMS,7.81
RH,Consumer Cyclical,Specialty Retail,NYQ,7.8
TREX,Industrials,Building Products & Equipment,NYQ,7.8
STEP,Financial Services,Asset Management,NMS,7.79
CE,Basic Materials,Chemicals,NYQ,7.77
LNW,Consumer Cyclical,Gambling,NMS,7.76
FRPT,Consumer Defensive,Packaged Foods,NGM,7.76
QRVO,Technology,Semiconductors,NMS,7.75
PARA,Communication Services,Entertainment,NMS,7.74
PARAA,Communication Services,Entertainment,NMS,7.74
MHK,Consumer Cyclical,"Furnishings, Fixtures & Appliances",NYQ,7.72
OBDC,Financial Services,Asset Management,NYQ,7.72
HII,Industrials,Aerospace & Defense,NYQ,7.72
S,Technology,Software - Infrastructure,NYQ,7.7
NBIS,Communication Services,Internet Content & Information,NMS,7.69
SUN,Energy,Oil & Gas Refining & Marketing,NYQ,7.66
CZR,Consumer Cyclical,Resorts & Casinos,NMS,7.66
ICL,Basic Materials,Agricultural Inputs,NYQ,7.64
MKSI,Technology,Scientific & Technical Instruments,NMS,7.62
PB,Financial Services,Banks - Regional,NYQ,7.62
ONB,Financial Services,Banks - Regional,NMS,7.61
AN,Consumer Cyclical,Auto & Truck Dealerships,NYQ,7.6
HRB,Consumer Cyclical,Personal Services,NYQ,7.58
OSK,Industrials,Farm & Heavy Construction Machinery,NYQ,7.57
CAE,Industrials,Aerospace & Defense,NYQ,7.56
AXS,Financial Services,Insurance - Specialty,NYQ,7.55
LEVI,Consumer Cyclical,Apparel Manufacturing,NYQ,7.53
ERJ,Industrials,Aerospace & Defense,NYQ,7.53
JAZZ,Healthcare,Biotechnology,NMS,7.52
ALV,Consumer Cyclical,Auto Parts,NYQ,7.51
BXSL,Financial Services,Asset Management,NYQ,7.51
ESAB,Industrials,Metal Fabrication,NYQ,7.49
DDS,Consumer Cyclical,Department Stores,NYQ,7.49
AZEK,Industrials,Building Products & Equipment,NYQ,7.46
NXT,Technology,Solar,NMS,7.44
LOAR,Industrials,Aerospace & Defense,NYQ,7.44
TAL,Consumer Defensive,Education & Training Services,NYQ,7.39
NNN,Real Estate,REIT - Retail,NYQ,7.39
VIPS,Consumer Cyclical,Internet Retail,NYQ,7.38
XP,Financial Services,Capital Markets,NMS,7.33
WEX,Technology,Software - Infrastructure,NYQ,7.32
BECN,Industrials,Industrial Distribution,NMS,7.32
MDGL,Healthcare,Biotechnology,NMS,7.3
CCCS,Technology,Software - Application,NMS,7.29
FR,Real Estate,REIT - Industrial,NYQ,7.26
KBR,Industrials,Engineering & Construction,NYQ,7.25
MTDR,Energy,Oil & Gas E&P,NYQ,7.24
CIGI,Real Estate,Real Estate Services,NMS,7.22
BPOP,Financial Services,Banks - Regional,NMS,7.22
HALO,Healthcare,Biotechnology,NMS,7.21
MNSO,Consumer Cyclical,Specialty Retail,NYQ,7.18
HMY,Basic Materials,Gold,NYQ,7.17
BILI,Communication Services,Electronic Gaming & Multimedia,NMS,7.15
BPMC,Healthcare,Biotechnology,NMS,7.15
JHG,Financial Services,Asset Management,NYQ,7.14
BFAM,Consumer Cyclical,Personal Services,NYQ,7.13
OLED,Technology,Electronic Components,NMS,7.12
NVMI,Technology,Semiconductor Equipment & Materials,NMS,7.12
CWAN,Technology,Software - Application,NYQ,7.08
SSD,Basic Materials,Lumber & Wood Production,NYQ,7.08
BOKF,Financial Services,Banks - Regional,NMS,7.08
CHRD,Energy,Oil & Gas E&P,NMS,7.07
FCN,Industrials,Consulting Services,NYQ,7.02
UFPI,Basic Materials,Lumber & Wood Production,NMS,7.02
CORT,Healthcare,Biotechnology,NCM,7.01
CVLT,Technology,Software - Application,NMS,7.01
LEGN,Healthcare,Biotechnology,NMS,6.99
HCP,Technology,Software - Infrastructure,NMS,6.99
OS,Technology,Software - Infrastructure,NMS,6.98
BWA,Consumer Cyclical,Auto Parts,NYQ,6.98
BMA,Financial Services,Banks - Regional,NYQ,6.98
WFG,Basic Materials,Lumber & Wood Production,NYQ,6.98
FMC,Basic Materials,Agricultural Inputs,NYQ,6.96
JXN,Financial Services,Insurance - Life,NYQ,6.96
SPSC,Technology,Software - Application,NMS,6.94
CHH,Consumer Cyclical,Lodging,NYQ,6.93
WAY,Healthcare,Health Information Services,NMS,6.92
OLLI,Consumer Defensive,Discount Stores,NGM,6.92
DJT,Communication Services,Internet Content & Information,NGM,6.91
ADT,Industrials,Security & Protection Services,NYQ,6.91
CWST,Industrials,Waste Management,NMS,6.9
SPXC,Industrials,Building Products & Equipment,NYQ,6.89
WTS,Industrials,Specialty Industrial Machinery,NYQ,6.89
DJTWW,Communication Services,Internet Content & Information,NGM,6.85
WSC,Industrials,Rental & Leasing Services,NCM,6.85
DINO,Energy,Oil & Gas Refining & Marketing,NYQ,6.84
CGNX,Technology,Scientific & Technical Instruments,NMS,6.84
VOYA,Financial Services,Financial Conglomerates,NYQ,6.83
JBTM,Industrials,Specialty Industrial Machinery,NYQ,6.83
BBIO,Healthcare,Biotechnology,NMS,6.8
BYD,Consumer Cyclical,Resorts & Casinos,NYQ,6.78
PDI,Financial Services,Asset Management,NYQ,6.76
R,Industrials,Rental & Leasing Services,NYQ,6.74
RLI,Financial Services,Insurance - Property & Casualty,NYQ,6.73
LLYVA,Communication Services,Entertainment,NMS,6.73
LLYVK,Communication Services,Entertainment,NMS,6.73
STWD,Real Estate,REIT - Mortgage,NYQ,6.71
RHI,Industrials,Staffing & Employment Services,NYQ,6.69
ZWS,Industrials,Pollution & Treatment Controls,NYQ,6.69
TMHC,Consumer Cyclical,Residential Construction,NYQ,6.67
VMI,Industrials,Conglomerates,NYQ,6.65
COOP,Financial Services,Mortgage Finance,NCM,6.64
OMF,Financial Services,Credit Services,NYQ,6.63
UGI,Utilities,Utilities - Regulated Gas,NYQ,6.6
TKC,Communication Services,Telecom Services,NYQ,6.58
AWI,Industrials,Building Products & Equipment,NYQ,6.58
RMBS,Technology,Semiconductors,NMS,6.57
FSK,Financial Services,Asset Management,NYQ,6.55
FAF,Financial Services,Insurance - Specialty,NYQ,6.51
PJT,Financial Services,Capital Markets,NYQ,6.49
TRNO,Real Estate,REIT - Industrial,NYQ,6.49
MSA,Industrials,Security & Protection Services,NYQ,6.48
ZK,Consumer Cyclical,Auto Manufacturers,NYQ,6.47
MTG,Financial Services,Insurance - Specialty,NYQ,6.47
TIMB,Communication Services,Telecom Services,NYQ,6.46
ENLC,Energy,Oil & Gas Midstream,NYQ,6.45
CADE,Financial Services,Banks - Regional,NYQ,6.44
LNTH,Healthcare,Drug Manufacturers - Specialty & Generic,NGM,6.43
SITE,Industrials,Industrial Distribution,NYQ,6.42
COTY,Consumer Defensive,Household & Personal Products,NYQ,6.38
MTN,Consumer Cyclical,Resorts & Casinos,NYQ,6.37
STAG,Real Estate,REIT - Industrial,NYQ,6.36
MMSI,Healthcare,Medical Instruments & Supplies,NMS,6.35
QFIN,Financial Services,Credit Services,NMS,6.34
NFG,Energy,Oil & Gas Integrated,NYQ,6.34
RHP,Real Estate,REIT - Hotel & Motel,NYQ,6.33
JOBY,Industrials,Airports & Air Services,NYQ,6.32
BMI,Technology,Scientific & Technical Instruments,NYQ,6.29
MAT,Consumer Cyclical,Leisure,NMS,6.28
COLD,Real Estate,REIT - Industrial,NYQ,6.28
KEX,Industrials,Marine Shipping,NYQ,6.27
SRAD,Technology,Software - Application,NMS,6.25
ESI,Basic Materials,Specialty Chemicals,NYQ,6.25
CACC,Financial Services,Credit Services,NMS,6.23
TLX,Healthcare,Biotechnology,NMS,6.23
MARA,Financial Services,Capital Markets,NCM,6.22
VIRT,Financial Services,Capital Markets,NMS,6.19
ESNT,Financial Services,Insurance - Specialty,NYQ,6.19
POST,Consumer Defensive,Packaged Foods,NYQ,6.18
ETSY,Consumer Cyclical,Internet Retail,NMS,6.18
GH,Healthcare,Diagnostics & Research,NMS,6.17
ALTM,Basic Materials,Specialty Chemicals,NYQ,6.17
ELAN,Healthcare,Drug Manufacturers - Specialty & Generic,NYQ,6.16
BLCO,Healthcare,Medical Instruments & Supplies,NYQ,6.15
ARW,Technology,Electronics & Computer Distribution,NYQ,6.13
AMKR,Technology,Semiconductor Equipment & Materials,NMS,6.13
STVN,Healthcare,Medical Instruments & Supplies,NYQ,6.12
NUVL,Healthcare,Biotechnology,NMS,6.1
BRFS,Consumer Defensive,Packaged Foods,NYQ,6.09
GPI,Consumer Cyclical,Auto & Truck Dealerships,NYQ,6.07
W,Consumer Cyclical,Internet Retail,NYQ,6.06
CELH,Consumer Defensive,Beverages - Non-Alcoholic,NCM,6.06
GGB,Basic Materials,Steel,NYQ,6.03
ANF,Consumer Cyclical,Apparel Retail,NYQ,6.01
FSS,Industrials,Pollution & Treatment Controls,NYQ,6.01
LTH,Consumer Cyclical,Leisure,NYQ,6
HOMB,Financial Services,Banks - Regional,NYQ,6
HR,Real Estate,REIT - Healthcare Facilities,NYQ,6
LNC,Financial Services,Insurance - Life,NYQ,5.99
RITM,Real Estate,REIT - Mortgage,NYQ,5.98
DAR,Consumer Defensive,Packaged Foods,NYQ,5.96
CRVL,Financial Services,Insurance Brokers,NMS,5.95
CROX,Consumer Cyclical,Footwear & Accessories,NMS,5.95
BZ,Communication Services,Internet Content & Information,NMS,5.92
CIG,Utilities,Utilities - Diversified,NYQ,5.92
LFUS,Technology,Electronic Components,NMS,5.91
UPST,Financial Services,Credit Services,NMS,5.91
GNTX,Consumer Cyclical,Auto Parts,NMS,5.9
CYTK,Healthcare,Biotechnology,NMS,5.9
TX,Basic Materials,Steel,NYQ,5.89
GATX,Industrials,Rental & Leasing Services,NYQ,5.88
SLGN,Consumer Cyclical,Packaging & Containers,NYQ,5.88
LRN,Consumer Defensive,Education & Training Services,NYQ,5.87
SLM,Financial Services,Credit Services,NMS,5.87
COLB,Financial Services,Banks - Regional,NMS,5.87
IDA,Utilities,Utilities - Regulated Electric,NYQ,5.86
KNF,Basic Materials,Building Materials,NYQ,5.86
LITE,Technology,Communication Equipment,NMS,5.84
INSP,Healthcare,Medical Devices,NYQ,5.84
REYN,Consumer Cyclical,Packaging & Containers,NMS,5.83
LSTR,Industrials,Integrated Freight & Logistics,NMS,5.82
ABG,Consumer Cyclical,Auto & Truck Dealerships,NYQ,5.81
FG,Financial Services,Insurance - Life,NYQ,5.79
HRI,Industrials,Rental & Leasing Services,NYQ,5.79
VNT,Technology,Scientific & Technical Instruments,NYQ,5.79
WHR,Consumer Cyclical,"Furnishings, Fixtures & Appliances",NYQ,5.79
SMTC,Technology,Semiconductors,NMS,5.77
UMBF,Financial Services,Banks - Regional,NMS,5.76
OZK,Financial Services,Banks - Regional,NMS,5.76
IBP,Consumer Cyclical,Residential Construction,NYQ,5.75
QTWO,Technology,Software - Application,NYQ,5.75
VLY,Financial Services,Banks - Regional,NMS,5.74
ACIW,Technology,Software - Infrastructure,NMS,5.7
OKLO,Utilities,Utilities - Regulated Electric,NYQ,5.69
CRK,Energy,Oil & Gas E&P,NYQ,5.68
AMG,Financial Services,Asset Management,NYQ,5.68
EPRT,Real Estate,REIT - Diversified,NYQ,5.66
FNB,Financial Services,Banks - Regional,NYQ,5.64
GBCI,Financial Services,Banks - Regional,NYQ,5.63
FRSH,Technology,Software - Application,NMS,5.63
ELF,Consumer Defensive,Household & Personal Products,NYQ,5.63
TKR,Industrials,Tools & Accessories,NYQ,5.63
LYFT,Technology,Software - Application,NMS,5.62
NOV,Energy,Oil & Gas Equipment & Services,NYQ,5.62
MTH,Consumer Cyclical,Residential Construction,NYQ,5.6
CMC,Basic Materials,Steel,NYQ,5.57
SOUN,Technology,Software - Application,NGM,5.57
CHX,Energy,Oil & Gas Equipment & Services,NMS,5.56
CSWI,Industrials,Specialty Industrial Machinery,NMS,5.54
MC,Financial Services,Capital Markets,NYQ,5.53
DY,Industrials,Engineering & Construction,NYQ,5.52
INTA,Technology,Software - Application,NMS,5.52
THG,Financial Services,Insurance - Property & Casualty,NYQ,5.52
NSA,Real Estate,REIT - Industrial,NYQ,5.51
UBSI,Financial Services,Banks - Regional,NMS,5.5
NSIT,Technology,Electronics & Computer Distribution,NMS,5.49
GRFS,Healthcare,Drug Manufacturers - General,NMS,5.48
INGM,Technology,Information Technology Services,NYQ,5.48
THO,Consumer Cyclical,Recreational Vehicles,NYQ,5.47
MAIN,Financial Services,Asset Management,NYQ,5.46
QXO,Technology,Software - Application,NYQ,5.44
WK,Technology,Software - Application,NYQ,5.44
DNB,Financial Services,Financial Data & Stock Exchanges,NYQ,5.43
GXO,Industrials,Integrated Freight & Logistics,NYQ,5.43
TSEM,Technology,Semiconductors,NMS,5.43
BE,Industrials,Electrical Equipment & Parts,NYQ,5.39
NOVT,Technology,Scientific & Technical Instruments,NMS,5.38
PFSI,Financial Services,Mortgage Finance,NYQ,5.38
SWX,Utilities,Utilities - Regulated Gas,NYQ,5.36
MAC,Real Estate,REIT - Retail,NYQ,5.35
USM,Communication Services,Telecom Services,NYQ,5.34
CRUS,Technology,Semiconductors,NMS,5.34
MOD,Consumer Cyclical,Auto Parts,NYQ,5.33
VIST,Energy,Oil & Gas E&P,NYQ,5.31
SKY,Consumer Cyclical,Residential Construction,NYQ,5.3
SAIC,Technology,Information Technology Services,NMS,5.29
FFIN,Financial Services,Banks - Regional,NMS,5.29
CALM,Consumer Defensive,Farm Products,NMS,5.29
HXL,Industrials,Aerospace & Defense,NYQ,5.28
MSGS,Communication Services,Entertainment,NYQ,5.28
ASTS,Technology,Communication Equipment,NMS,5.28
KTB,Consumer Cyclical,Apparel Manufacturing,NYQ,5.27
GTES,Industrials,Specialty Industrial Machinery,NYQ,5.27
OPCH,Healthcare,Medical Care Facilities,NMS,5.26
PAM,Utilities,Utilities - Independent Power Producers,NYQ,5.26
AROC,Energy,Oil & Gas Equipment & Services,NYQ,5.25
ACT,Financial Services,Insurance - Specialty,NMS,5.22
SNDR,Industrials,Trucking,NYQ,5.21
BCPC,Basic Materials,Specialty Chemicals,NMS,5.2
TENB,Technology,Software - Infrastructure,NMS,5.18
KRG,Real Estate,REIT - Retail,NYQ,5.18
AL,Industrials,Rental & Leasing Services,NYQ,5.18
FIVE,Consumer Cyclical,Specialty Retail,NMS,5.16
AXSM,Healthcare,Biotechnology,NGM,5.16
CLBT,Technology,Software - Infrastructure,NMS,5.16
HWC,Financial Services,Banks - Regional,NMS,5.15
NE,Energy,Oil & Gas Drilling,NYQ,5.14
CWEN,Utilities,Utilities - Renewable,NYQ,5.14
CUZ,Real Estate,REIT - Office,NYQ,5.12
LOPE,Consumer Defensive,Education & Training Services,NMS,5.12
QLYS,Technology,Software - Infrastructure,NMS,5.11
LEA,Consumer Cyclical,Auto Parts,NYQ,5.11
URBN,Consumer Cyclical,Apparel Retail,NMS,5.11
SIGI,Financial Services,Insurance - Property & Casualty,NMS,5.11
PIPR,Financial Services,Capital Markets,NYQ,5.11
ALKS,Healthcare,Drug Manufacturers - Specialty & Generic,NMS,5.1
AMTM,Industrials,Specialty Business Services,NYQ,5.1
VRNS,Technology,Software - Infrastructure,NMS,5.1
SLG,Real Estate,REIT - Office,NYQ,5.1
AVAV,Industrials,Aerospace & Defense,NMS,5.08
RDN,Financial Services,Insurance - Specialty,NYQ,5.07
SEE,Consumer Cyclical,Packaging & Containers,NYQ,5.07
CLF,Basic Materials,Steel,NYQ,5.06
COLM,Consumer Cyclical,Apparel Manufacturing,NMS,5.05
KTOS,Industrials,Aerospace & Defense,NMS,5.04
BBAR,Financial Services,Banks - Regional,NYQ,5.04
IONS,Healthcare,Biotechnology,NMS,5.04
RRR,Consumer Cyclical,Resorts & Casinos,NMS,5.03
SHAK,Consumer Cyclical,Restaurants,NYQ,5.02
TGS,Energy,Oil & Gas Integrated,NYQ,5.01
LUMN,Communication Services,Telecom Services,NYQ,5.01
PECO,Real Estate,REIT - Retail,NMS,5
BIPC,Utilities,Utilities - Regulated Gas,NYQ,4.99
PVH,Consumer Cyclical,Apparel Manufacturing,NYQ,4.98
CTRE,Real Estate,REIT - Healthcare Facilities,NYQ,4.96
WTM,Financial Services,Insurance - Property & Casualty,NYQ,4.96
LB,Energy,Oil & Gas Equipment & Services,NYQ,4.96
PHI,Communication Services,Telecom Services,NYQ,4.95
SFBS,Financial Services,Banks - Regional,NYQ,4.95
ACA,Industrials,Engineering & Construction,NYQ,4.94
TGTX,Healthcare,Biotechnology,NCM,4.93
PAGP,Energy,Oil & Gas Midstream,NMS,4.92
LAZ,Financial Services,Capital Markets,NYQ,4.92
BOOT,Consumer Cyclical,Apparel Retail,NYQ,4.92
FLG,Financial Services,Banks - Regional,NYQ,4.91
IEP,Energy,Oil & Gas Refining & Marketing,NMS,4.91
CIVI,Energy,Oil & Gas E&P,NYQ,4.9
SLMBP,Financial Services,Credit Services,NMS,4.9
ASAN,Technology,Software - Application,NYQ,4.88
FCFS,Financial Services,Credit Services,NMS,4.88
SKYW,Industrials,Airlines,NMS,4.88
AGO,Financial Services,Insurance - Specialty,NYQ,4.86
BCC,Basic Materials,Building Materials,NYQ,4.85
RDNT,Healthcare,Diagnostics & Research,NGM,4.85
KBH,Consumer Cyclical,Residential Construction,NYQ,4.84
ITRI,Technology,Scientific & Technical Instruments,NMS,4.84
CNR,Energy,Thermal Coal,NYQ,4.82
BEPC,Utilities,Utilities - Renewable,NYQ,4.81
ESGR,Financial Services,Insurance - Diversified,NMS,4.8
BOX,Technology,Software - Infrastructure,NYQ,4.8
NJR,Utilities,Utilities - Regulated Gas,NYQ,4.78
ELP,Utilities,Utilities - Diversified,NYQ,4.77
NEU,Basic Materials,Specialty Chemicals,NYQ,4.77
SITM,Technology,Semiconductors,NGM,4.77
ELPC,Utilities,Utilities - Diversified,NYQ,4.77
ITGR,Healthcare,Medical Devices,NYQ,4.77
BRZE,Technology,Software - Application,NMS,4.76
VVV,Consumer Cyclical,Auto & Truck Dealerships,NYQ,4.76
NXST,Communication Services,Broadcasting,NMS,4.75
RUSHB,Consumer Cyclical,Auto & Truck Dealerships,NMS,4.74
ACHR,Industrials,Aerospace & Defense,NYQ,4.74
RUSHA,Consumer Cyclical,Auto & Truck Dealerships,NMS,4.74
MATX,Industrials,Marine Shipping,NYQ,4.71
FTDR,Consumer Cyclical,Personal Services,NMS,4.7
BDC,Technology,Communication Equipment,NYQ,4.7
CBT,Basic Materials,Specialty Chemicals,NYQ,4.69
VRNA,Healthcare,Biotechnology,NGM,4.69
SON,Consumer Cyclical,Packaging & Containers,NYQ,4.68
NARI,Healthcare,Medical Devices,NMS,4.67
MGY,Energy,Oil & Gas E&P,NYQ,4.66
LANC,Consumer Defensive,Packaged Foods,NMS,4.65
EXPO,Industrials,Engineering & Construction,NMS,4.65
BGC,Financial Services,Capital Markets,NMS,4.65
KRC,Real Estate,REIT - Office,NYQ,4.65
RELY,Technology,Software - Infrastructure,NMS,4.65
IDCC,Technology,Software - Application,NMS,4.64
TNET,Industrials,Staffing & Employment Services,NYQ,4.63
KRYS,Healthcare,Biotechnology,NMS,4.59
PONY,Technology,Information Technology Services,NMS,4.59
FELE,Industrials,Specialty Industrial Machinery,NMS,4.57
WFRD,Energy,Oil & Gas Equipment & Services,NMS,4.57
SANM,Technology,Electronic Components,NMS,4.55
IESC,Industrials,Engineering & Construction,NGM,4.54
ABCB,Financial Services,Banks - Regional,NYQ,4.53
TIGO,Communication Services,Telecom Services,NMS,4.52
IPAR,Consumer Defensive,Household & Personal Products,NMS,4.52
CRC,Energy,Oil & Gas E&P,NYQ,4.5
ROAD,Industrials,Engineering & Construction,NMS,4.5
AVT,Technology,Electronics & Computer Distribution,NMS,4.49
CNS,Financial Services,Asset Management,NYQ,4.49
MSM,Industrials,Industrial Distribution,NYQ,4.49
FUN,Consumer Cyclical,Leisure,NYQ,4.46
BC,Consumer Cyclical,Recreational Vehicles,NYQ,4.45
ALGM,Technology,Semiconductors,NMS,4.43
AHR,Real Estate,REIT - Healthcare Facilities,NYQ,4.41
GEO,Industrials,Security & Protection Services,NYQ,4.41
IRT,Real Estate,REIT - Residential,NYQ,4.41
SLAB,Technology,Semiconductors,NMS,4.4
KAI,Industrials,Specialty Industrial Machinery,NYQ,4.38
STRL,Industrials,Engineering & Construction,NMS,4.37
ZETA,Technology,Software - Infrastructure,NYQ,4.36
POR,Utilities,Utilities - Regulated Electric,NYQ,4.36
TXNM,Utilities,Utilities - Regulated Electric,NYQ,4.36
VRRM,Industrials,Infrastructure Operations,NCM,4.35
AEIS,Industrials,Electrical Equipment & Parts,NMS,4.34
SM,Energy,Oil & Gas E&P,NYQ,4.34
M,Consumer Cyclical,Department Stores,NYQ,4.33
EEFT,Technology,Software - Infrastructure,NMS,4.33
CBZ,Industrials,Specialty Business Services,NYQ,4.31
KMPR,Financial Services,Insurance - Property & Casualty,NYQ,4.3
MMS,Industrials,Specialty Business Services,NYQ,4.3
VCTR,Financial Services,Asset Management,NMS,4.3
CAMT,Technology,Semiconductor Equipment & Materials,NGM,4.29
GLNG,Energy,Oil & Gas Midstream,NMS,4.25
TEO,Communication Services,Telecom Services,NYQ,4.24
ENIC,Utilities,Utilities - Regulated Electric,NYQ,4.21
BKH,Utilities,Utilities - Regulated Gas,NYQ,4.2
GDS,Technology,Information Technology Services,NGM,4.2
ACHC,Healthcare,Medical Care Facilities,NMS,4.19
ASB,Financial Services,Banks - Regional,NYQ,4.18
LBTYK,Communication Services,Telecom Services,NMS,4.17
LBTYB,Communication Services,Telecom Services,NMS,4.17
LBTYA,Communication Services,Telecom Services,NMS,4.17
GBDC,Financial Services,Asset Management,NMS,4.16
GBTG,Technology,Software - Application,NYQ,4.15
CNO,Financial Services,Insurance - Life,NYQ,4.14
NWL,Consumer Defensive,Household & Personal Products,NMS,4.14
RXO,Industrials,Trucking,NYQ,4.12
CVCO,Consumer Cyclical,Residential Construction,NMS,4.12
FLO,Consumer Defensive,Packaged Foods,NYQ,4.12
PRIM,Industrials,Engineering & Construction,NYQ,4.12
AKRO,Healthcare,Biotechnology,NMS,4.12
BTSG,Healthcare,Health Information Services,NMS,4.11
SR,Utilities,Utilities - Regulated Gas,NYQ,4.1
SIM,Basic Materials,Steel,ASE,4.1
OSCR,Healthcare,Healthcare Plans,NYQ,4.1
IBOC,Financial Services,Banks - Regional,NMS,4.1
RIOT,Financial Services,Capital Markets,NCM,4.09
CNX,Energy,Oil & Gas E&P,NYQ,4.09
SMG,Basic Materials,Agricultural Inputs,NYQ,4.08
KGS,Energy,Oil & Gas Equipment & Services,NYQ,4.08
CARG,Consumer Cyclical,Auto & Truck Dealerships,NMS,4.07
BCO,Industrials,Security & Protection Services,NYQ,4.07
DORM,Consumer Cyclical,Auto Parts,NMS,4.06
HGV,Consumer Cyclical,Resorts & Casinos,NYQ,4.06
ST,Technology,Scientific & Technical Instruments,NYQ,4.06
SGHC,Consumer Cyclical,Gambling,NYQ,4.06
GSHD,Financial Services,Insurance - Diversified,NMS,4.05
AI,Technology,Software - Application,NYQ,4.05
WRD,Consumer Cyclical,Auto Manufacturers,NGM,4.03
GOLF,Consumer Cyclical,Leisure,NYQ,4.03
GHC,Consumer Defensive,Education & Training Services,NYQ,4.03
ICUI,Healthcare,Medical Instruments & Supplies,NMS,4.02
ATGE,Consumer Defensive,Education & Training Services,NYQ,4.02
NFE,Utilities,Utilities - Regulated Gas,NMS,4.01
OGN,Healthcare,Drug Manufacturers - General,NYQ,4.01
TDS,Communication Services,Telecom Services,NYQ,4.01
NNI,Financial Services,Credit Services,NYQ,4
OGS,Utilities,Utilities - Regulated Gas,NYQ,4
COMP,Real Estate,Real Estate Services,NYQ,4
AX,Financial Services,Banks - Regional,NYQ,3.99
JWN,Consumer Cyclical,Department Stores,NYQ,3.99
SPR,Industrials,Aerospace & Defense,NYQ,3.99
PYCR,Technology,Software - Application,NMS,3.99
BL,Technology,Software - Application,NMS,3.99
WHD,Energy,Oil & Gas Equipment & Services,NYQ,3.98
UNF,Industrials,Specialty Business Services,NYQ,3.98
PAY,Technology,Software - Infrastructure,NYQ,3.98
RARE,Healthcare,Biotechnology,NMS,3.97
BANF,Financial Services,Banks - Regional,NMS,3.96
AMRX,Healthcare,Drug Manufacturers - Specialty & Generic,NMS,3.96
UCB,Financial Services,Banks - Regional,NYQ,3.96
RYN,Real Estate,REIT - Specialty,NYQ,3.95
SBRA,Real Estate,REIT - Healthcare Facilities,NMS,3.95
NCNO,Technology,Software - Application,NMS,3.94
FIZZ,Consumer Defensive,Beverages - Non-Alcoholic,NMS,3.94
DXC,Technology,Information Technology Services,NYQ,3.93
RNA,Healthcare,Biotechnology,NGM,3.93
XRAY,Healthcare,Medical Instruments & Supplies,NMS,3.93
ASGN,Technology,Information Technology Services,NYQ,3.93
AVNT,Basic Materials,Specialty Chemicals,NYQ,3.92
PRCT,Healthcare,Medical Devices,NGM,3.92
CRGY,Energy,Oil & Gas Integrated,NYQ,3.91
BLKB,Technology,Software - Application,NMS,3.91
NPO,Industrials,Specialty Industrial Machinery,NYQ,3.9
CLVT,Technology,Information Technology Services,NYQ,3.9
FRO,Energy,Oil & Gas Midstream,NYQ,3.89
ORA,Utilities,Utilities - Renewable,NYQ,3.88
FROG,Technology,Software - Application,NMS,3.88
SHC,Healthcare,Diagnostics & Research,NMS,3.88
MUR,Energy,Oil & Gas E&P,NYQ,3.88
CPA,Industrials,Airlines,NYQ,3.88
ATAT,Consumer Cyclical,Lodging,NMS,3.88
ENS,Industrials,Electrical Equipment & Parts,NYQ,3.87
BHVN,Healthcare,Biotechnology,NYQ,3.87
OMAB,Industrials,Airports & Air Services,NMS,3.87
GVA,Industrials,Engineering & Construction,NYQ,3.85
DOCN,Technology,Software - Infrastructure,NYQ,3.85
KNTK,Energy,Oil & Gas Midstream,NYQ,3.85
DLO,Technology,Software - Infrastructure,NMS,3.85
NXE,Energy,Uranium,NYQ,3.85
TFSL,Financial Services,Banks - Regional,NMS,3.85
ALVO,Healthcare,Drug Manufacturers - Specialty & Generic,NGM,3.84
SMPL,Consumer Defensive,Packaged Foods,NCM,3.84
HHH,Real Estate,Real Estate - Diversified,NYQ,3.83
PLXS,Technology,Electronic Components,NMS,3.83
ALIT,Technology,Software - Application,NYQ,3.83
ADMA,Healthcare,Biotechnology,NGM,3.82
AESI,Energy,Oil & Gas Equipment & Services,NYQ,3.81
SG,Consumer Cyclical,Restaurants,NYQ,3.81
ALE,Utilities,Utilities - Diversified,NYQ,3.8
ASO,Consumer Cyclical,Specialty Retail,NMS,3.79
PBH,Healthcare,Drug Manufacturers - Specialty & Generic,NYQ,3.79
SRRK,Healthcare,Biotechnology,NMS,3.78
PAYO,Technology,Software - Infrastructure,NGM,3.78
ZI,Technology,Software - Application,NMS,3.76
CRNX,Healthcare,Biotechnology,NMS,3.74
TNL,Consumer Cyclical,Travel Services,NYQ,3.72
APLE,Real Estate,REIT - Hotel & Motel,NYQ,3.72
NOG,Energy,Oil & Gas E&P,NYQ,3.71
FULT,Financial Services,Banks - Regional,NMS,3.7
CCOI,Communication Services,Telecom Services,NMS,3.69
IMVT,Healthcare,Biotechnology,NMS,3.69
RGTI,Technology,Computer Hardware,NCM,3.69
ARLP,Energy,Thermal Coal,NMS,3.68
ACLX,Healthcare,Biotechnology,NMS,3.68
MIR,Industrials,Specialty Industrial Machinery,NYQ,3.68
CXT,Industrials,Specialty Industrial Machinery,NYQ,3.67
BHF,Financial Services,Insurance - Life,NMS,3.66
RYTM,Healthcare,Biotechnology,NGM,3.65
IAC,Communication Services,Internet Content & Information,NMS,3.65
KFY,Industrials,Staffing & Employment Services,NYQ,3.65
TCBI,Financial Services,Banks - Regional,NMS,3.65
VKTX,Healthcare,Biotechnology,NCM,3.65
GFF,Industrials,Conglomerates,NYQ,3.64
DEI,Real Estate,REIT - Office,NYQ,3.64
ACVA,Consumer Cyclical,Auto & Truck Dealerships,NMS,3.64
MDU,Industrials,Conglomerates,NYQ,3.63
SKT,Real Estate,REIT - Retail,NYQ,3.63
EBC,Financial Services,Banks - Regional,NMS,3.62
ALKT,Technology,Software - Application,NMS,3.62
HL,Basic Materials,Other Precious Metals & Mining,NYQ,3.62
APLS,Healthcare,Biotechnology,NMS,3.61
IAG,Basic Materials,Gold,NYQ,3.61
MWA,Industrials,Specialty Industrial Machinery,NYQ,3.6
PI,Technology,Semiconductors,NMS,3.59
MP,Basic Materials,Other Industrial Metals & Mining,NYQ,3.58
BTDR,Technology,Software - Application,NCM,3.57
TGLS,Basic Materials,Building Materials,NYQ,3.57
LIF,Technology,Software - Application,NMS,3.56
ATMU,Industrials,Pollution & Treatment Controls,NYQ,3.56
BRC,Industrials,Security & Protection Services,NYQ,3.56
CRSP,Healthcare,Biotechnology,NGM,3.55
WTFCM,Financial Services,Banks - Regional,NMS,3.55
HTGC,Financial Services,Asset Management,NYQ,3.54
PTCT,Healthcare,Biotechnology,NMS,3.54
POWI,Technology,Semiconductors,NMS,3.54
FHB,Financial Services,Banks - Regional,NMS,3.53
NVST,Healthcare,Medical Instruments & Supplies,NYQ,3.53
CNK,Communication Services,Entertainment,NYQ,3.53
MEOH,Basic Materials,Chemicals,NMS,3.52
PCH,Real Estate,REIT - Specialty,NMS,3.52
VCYT,Healthcare,Diagnostics & Research,NGM,3.52
RUM,Technology,Software - Application,NGM,3.52
AVPT,Technology,Software - Infrastructure,NMS,3.52
SNEX,Financial Services,Capital Markets,NMS,3.51
DOOO,Consumer Cyclical,Recreational Vehicles,NMS,3.51
BHFAP,Financial Services,Insurance - Life,NMS,3.51
ECG,Industrials,Engineering & Construction,NYQ,3.51
DNP,Financial Services,Asset Management,NYQ,3.5
FIBK,Financial Services,Banks - Regional,NMS,3.5
RLX,Consumer Defensive,Tobacco,NYQ,3.49
EPR,Real Estate,REIT - Specialty,NYQ,3.49
WU,Financial Services,Credit Services,NYQ,3.49
TBBB,Consumer Defensive,Discount Stores,NYQ,3.48
HAE,Healthcare,Medical Instruments & Supplies,NYQ,3.47
DV,Technology,Software - Application,NYQ,3.46
OR,Basic Materials,Gold,NYQ,3.46
HOG,Consumer Cyclical,Recreational Vehicles,NYQ,3.45
CBU,Financial Services,Banks - Regional,NYQ,3.45
FUL,Basic Materials,Specialty Chemicals,NYQ,3.45
TPH,Consumer Cyclical,Residential Construction,NYQ,3.45
UA,Consumer Cyclical,Apparel Manufacturing,NYQ,3.44
IGT,Consumer Cyclical,Gambling,NYQ,3.44
UAA,Consumer Cyclical,Apparel Manufacturing,NYQ,3.44
TAC,Utilities,Utilities - Independent Power Producers,NYQ,3.44
CNXC,Technology,Information Technology Services,NMS,3.44
RIG,Energy,Oil & Gas Drilling,NYQ,3.43
CORZ,Technology,Software - Infrastructure,NMS,3.43
ESE,Technology,Scientific & Technical Instruments,NYQ,3.42
MHO,Consumer Cyclical,Residential Construction,NYQ,3.42
VAL,Energy,Oil & Gas Equipment & Services,NYQ,3.41
IRTC,Healthcare,Medical Devices,NMS,3.41
NEA,Financial Services,Asset Management,NYQ,3.41
AQN,Utilities,Utilities - Renewable,NYQ,3.41
IFS,Financial Services,Banks - Regional,NYQ,3.41
NMRK,Real Estate,Real Estate Services,NMS,3.41
FBP,Financial Services,Banks - Regional,NYQ,3.4
PRGO,Healthcare,Drug Manufacturers - Specialty & Generic,NYQ,3.4
SYNA,Technology,Semiconductors,NMS,3.4
DNLI,Healthcare,Biotechnology,NMS,3.39
ATHM,Communication Services,Internet Content & Information,NYQ,3.39
OLN,Basic Materials,Chemicals,NYQ,3.39
AUB,Financial Services,Banks - Regional,NYQ,3.39
CDP,Real Estate,REIT - Office,NYQ,3.38
REZI,Industrials,Industrial Distribution,NYQ,3.38
PBF,Energy,Oil & Gas Refining & Marketing,NYQ,3.37
HASI,Real Estate,Real Estate Services,NYQ,3.37
CATY,Financial Services,Banks - Regional,NMS,3.37
VLYPO,Financial Services,Banks - Regional,NMS,3.35
WRBY,Healthcare,Medical Instruments & Supplies,NYQ,3.33
ABM,Industrials,Specialty Business Services,NYQ,3.32
NWE,Utilities,Utilities - Regulated Electric,NMS,3.31
YOU,Technology,Software - Application,NYQ,3.3
HGTY,Financial Services,Insurance - Property & Casualty,NYQ,3.3
OSIS,Technology,Electronic Components,NMS,3.3
RSI,Consumer Cyclical,Gambling,NYQ,3.29
WSFS,Financial Services,Banks - Regional,NMS,3.28
SLVM,Basic Materials,Paper & Paper Products,NYQ,3.28
GMS,Industrials,Building Products & Equipment,NYQ,3.27
IRDM,Communication Services,Telecom Services,NMS,3.27
PATK,Consumer Cyclical,"Furnishings, Fixtures & Appliances",NMS,3.26
FA,Industrials,Specialty Business Services,NMS,3.26
HBM,Basic Materials,Copper,NYQ,3.26
FHI,Financial Services,Asset Management,NYQ,3.25
HEES,Industrials,Rental & Leasing Services,NMS,3.25
MGEE,Utilities,Utilities - Regulated Electric,NMS,3.25
SGRY,Healthcare,Medical Care Facilities,NMS,3.24
WD,Financial Services,Mortgage Finance,NYQ,3.24
BVN,Basic Materials,Other Precious Metals & Mining,NYQ,3.24
HAYW,Industrials,Electrical Equipment & Parts,NYQ,3.24
BTG,Basic Materials,Gold,ASE,3.23
TFPM,Basic Materials,Other Precious Metals & Mining,NYQ,3.23
LPL,Technology,Consumer Electronics,NYQ,3.23
OTTR,Utilities,Utilities - Diversified,NMS,3.22
HIW,Real Estate,REIT - Office,NYQ,3.22
TEX,Industrials,Farm & Heavy Construction Machinery,NYQ,3.21
SXT,Basic Materials,Specialty Chemicals,NYQ,3.2
AMBA,Technology,Semiconductor Equipment & Materials,NMS,3.2
CWK,Real Estate,Real Estate Services,NYQ,3.18
PTVE,Consumer Cyclical,Packaging & Containers,NMS,3.18
HP,Energy,Oil & Gas Drilling,NYQ,3.18
VEON,Communication Services,Telecom Services,NCM,3.18
WDFC,Basic Materials,Specialty Chemicals,NMS,3.18
AEO,Consumer Cyclical,Apparel Retail,NYQ,3.18
EE,Energy,Oil & Gas Midstream,NYQ,3.17
IPGP,Technology,Semiconductor Equipment & Materials,NMS,3.17
GPOR,Energy,Oil & Gas E&P,NYQ,3.16
YETI,Consumer Cyclical,Leisure,NYQ,3.16
USLM,Basic Materials,Building Materials,NMS,3.16
BFH,Financial Services,Credit Services,NYQ,3.15
PTEN,Energy,Oil & Gas Drilling,NMS,3.15
CAR,Industrials,Rental & Leasing Services,NMS,3.15
UGP,Energy,Oil & Gas Refining & Marketing,NYQ,3.15
GRND,Technology,Software - Application,NYQ,3.15
CAAP,Industrials,Airports & Air Services,NYQ,3.15
BUR,Financial Services,Asset Management,NYQ,3.14
PENN,Consumer Cyclical,Resorts & Casinos,NMS,3.14
EGO,Basic Materials,Gold,NYQ,3.14
RNG,Technology,Software - Application,NYQ,3.13
APAM,Financial Services,Asset Management,NYQ,3.13
USAC,Energy,Oil & Gas Equipment & Services,NYQ,3.12
TWST,Healthcare,Diagnostics & Research,NMS,3.12
VLYPP,Financial Services,Banks - Regional,NMS,3.12
TRN,Industrials,Railroads,NYQ,3.11
BNL,Real Estate,REIT - Diversified,NYQ,3.11
BXMT,Real Estate,REIT - Mortgage,NYQ,3.11
VRN,Energy,Oil & Gas E&P,NYQ,3.11
ACAD,Healthcare,Biotechnology,NMS,3.1
FORM,Technology,Semiconductor Equipment & Materials,NMS,3.1
NHI,Real Estate,REIT - Healthcare Facilities,NYQ,3.09
GNW,Financial Services,Insurance - Life,NYQ,3.09
FIVN,Technology,Software - Infrastructure,NGM,3.08
CLSK,Financial Services,Capital Markets,NCM,3.08
STR,Energy,Oil & Gas E&P,NYQ,3.08
BKU,Financial Services,Banks - Regional,NYQ,3.07
NMIH,Financial Services,Insurance - Specialty,NGM,3.06
BSM,Energy,Oil & Gas E&P,NYQ,3.05
OUT,Real Estate,REIT - Specialty,NYQ,3.05
TDC,Technology,Software - Infrastructure,NYQ,3.05
LFST,Healthcare,Medical Care Facilities,NMS,3.05
XENE,Healthcare,Biotechnology,NGM,3.05
VAC,Consumer Cyclical,Resorts & Casinos,NYQ,3.03
AMED,Healthcare,Medical Care Facilities,NMS,3.03
WEN,Consumer Cyclical,Restaurants,NMS,3.02
MGRC,Industrials,Rental & Leasing Services,NMS,3.01
ASH,Basic Materials,Specialty Chemicals,NYQ,3.01
ALRM,Technology,Software - Application,NMS,3
UEC,Energy,Uranium,ASE,2.99
CON,Healthcare,Medical Care Facilities,NYQ,2.99
LBRT,Energy,Oil & Gas Equipment & Services,NYQ,2.99
KC,Technology,Software - Application,NMS,2.99
AKR,Real Estate,REIT - Retail,NYQ,2.99
ENVA,Financial Services,Credit Services,NYQ,2.98
PTON,Consumer Cyclical,Leisure,NMS,2.96
BOH,Financial Services,Banks - Regional,NYQ,2.96
SHOO,Consumer Cyclical,Footwear & Accessories,NMS,2.96
ZLAB,Healthcare,Biotechnology,NGM,2.96
SSL,Basic Materials,Specialty Chemicals,NYQ,2.96
ALHC,Healthcare,Healthcare Plans,NMS,2.95
CSQ,Financial Services,Asset Management,NGM,2.94
TGNA,Communication Services,Broadcasting,NYQ,2.94
GEF,Consumer Cyclical,Packaging & Containers,NYQ,2.93
CEIX,Energy,Thermal Coal,NYQ,2.93
QDEL,Healthcare,Medical Devices,NMS,2.92
CPRI,Consumer Cyclical,Luxury Goods,NYQ,2.92
TBBK,Financial Services,Banks - Regional,NMS,2.91
CVBF,Financial Services,Banks - Regional,NMS,2.91
HUN,Basic Materials,Chemicals,NYQ,2.91
AVAL,Financial Services,Banks - Regional,NYQ,2.91
AVA,Utilities,Utilities - Diversified,NYQ,2.9
GSAT,Communication Services,Telecom Services,ASE,2.9
ATKR,Industrials,Electrical Equipment & Parts,NYQ,2.9
MLTX,Healthcare,Biotechnology,NCM,2.9
POWL,Industrials,Electrical Equipment & Parts,NMS,2.89
VCEL,Healthcare,Biotechnology,NGM,2.89
UTG,Financial Services,Asset Management,NYQ,2.89
PRKS,Consumer Cyclical,Leisure,NYQ,2.89
SMR,Industrials,Specialty Industrial Machinery,NYQ,2.88
AG,Basic Materials,Silver,NYQ,2.88
SAM,Consumer Defensive,Beverages - Brewers,NYQ,2.88
TDW,Energy,Oil & Gas Equipment & Services,NYQ,2.88
CAKE,Consumer Cyclical,Restaurants,NMS,2.87
NOMD,Consumer Defensive,Packaged Foods,NYQ,2.87
FOLD,Healthcare,Biotechnology,NGM,2.86
VSCO,Consumer Cyclical,Apparel Retail,NYQ,2.86
HBI,Consumer Cyclical,Apparel Manufacturing,NYQ,2.86
MRUS,Healthcare,Biotechnology,NGM,2.85
ESGRP,Financial Services,Insurance - Diversified,NMS,2.85
PLMR,Financial Services,Insurance - Property & Casualty,NMS,2.85
SFNC,Financial Services,Banks - Regional,NMS,2.85
INDB,Financial Services,Banks - Regional,NMS,2.85
CC,Basic Materials,Specialty Chemicals,NYQ,2.84
MAN,Industrials,Staffing & Employment Services,NYQ,2.83
RXRX,Healthcare,Biotechnology,NMS,2.83
IOSP,Basic Materials,Specialty Chemicals,NMS,2.83
MPW,Real Estate,REIT - Healthcare Facilities,NYQ,2.82
AWR,Utilities,Utilities - Regulated Water,NYQ,2.82
ESGRO,Financial Services,Insurance - Diversified,NMS,2.82
LAUR,Consumer Defensive,Education & Training Services,NMS,2.82
JOE,Real Estate,Real Estate - Diversified,NYQ,2.81
NSP,Industrials,Staffing & Employment Services,NYQ,2.8
PSMT,Consumer Defensive,Discount Stores,NMS,2.79
SWTX,Healthcare,Biotechnology,NMS,2.79
EQX,Basic Materials,Gold,ASE,2.78
PK,Real Estate,REIT - Hotel & Motel,NYQ,2.78
GRBK,Consumer Cyclical,Residential Construction,NYQ,2.77
HTLF,Financial Services,Banks - Regional,NMS,2.77
BWIN,Financial Services,Insurance Brokers,NMS,2.77
CPK,Utilities,Utilities - Regulated Gas,NYQ,2.77
PAR,Technology,Software - Application,NYQ,2.76
HCC,Basic Materials,Coking Coal,NYQ,2.76
MCY,Financial Services,Insurance - Property & Casualty,NYQ,2.76
ESRT,Real Estate,REIT - Diversified,NYQ,2.75
UE,Real Estate,REIT - Retail,NYQ,2.75
BHC,Healthcare,Drug Manufacturers - Specialty & Generic,NYQ,2.74
SBSW,Basic Materials,Other Precious Metals & Mining,NYQ,2.74
PRVA,Healthcare,Health Information Services,NMS,2.74
PRK,Financial Services,Banks - Regional,ASE,2.74
HUBG,Industrials,Integrated Freight & Logistics,NMS,2.74
NAD,Financial Services,Asset Management,NYQ,2.74
PDCO,Healthcare,Medical Distribution,NMS,2.73
DIOD,Technology,Semiconductors,NMS,2.73
ODD,Technology,Software - Infrastructure,NGM,2.73
STNE,Technology,Software - Infrastructure,NMS,2.72
DRVN,Consumer Cyclical,Auto & Truck Dealerships,NMS,2.71
LIVN,Healthcare,Medical Devices,NMS,2.71
BANC,Financial Services,Banks - Regional,NYQ,2.7
MANU,Communication Services,Entertainment,NYQ,2.69
CWT,Utilities,Utilities - Regulated Water,NYQ,2.69
NVG,Financial Services,Asset Management,NYQ,2.69
CPRX,Healthcare,Biotechnology,NCM,2.69
TOWN,Financial Services,Banks - Regional,NMS,2.69
FCPT,Real Estate,REIT - Retail,NYQ,2.68
FFBC,Financial Services,Banks - Regional,NMS,2.68
PLTK,Communication Services,Electronic Gaming & Multimedia,NMS,2.67
LCII,Consumer Cyclical,Recreational Vehicles,NYQ,2.67
JJSF,Consumer Defensive,Packaged Foods,NMS,2.67
ENOV,Industrials,Specialty Industrial Machinery,NYQ,2.67
VIAV,Technology,Communication Equipment,NMS,2.67
PII,Consumer Cyclical,Recreational Vehicles,NYQ,2.66
WNS,Technology,Information Technology Services,NYQ,2.66
ATS,Industrials,Specialty Industrial Machinery,NYQ,2.65
EWTX,Healthcare,Biotechnology,NMS,2.65
NVCR,Healthcare,Medical Devices,NMS,2.65
QS,Consumer Cyclical,Auto Parts,NYQ,2.65
CDE,Basic Materials,Gold,NYQ,2.64
YELP,Communication Services,Internet Content & Information,NYQ,2.63
BB,Technology,Software - Infrastructure,NYQ,2.63
CALX,Technology,Software - Infrastructure,NYQ,2.63
HAFN,Industrials,Marine Shipping,NYQ,2.63
AZZ,Industrials,Specialty Business Services,NYQ,2.62
EXG,Financial Services,Asset Management,NYQ,2.6
CURB,Real Estate,REIT - Retail,NYQ,2.6
APPN,Technology,Software - Infrastructure,NGM,2.59
SIG,Consumer Cyclical,Luxury Goods,NYQ,2.58
FRME,Financial Services,Banks - Regional,NMS,2.58
MCW,Consumer Cyclical,Auto & Truck Dealerships,NMS,2.58
AGYS,Technology,Software - Application,NMS,2.57
SEMR,Technology,Software - Application,NYQ,2.56
MESO,Healthcare,Biotechnology,NMS,2.56
KYMR,Healthcare,Biotechnology,NGM,2.56
JANX,Healthcare,Biotechnology,NGM,2.55
SWI,Technology,Software - Infrastructure,NYQ,2.54
SAH,Consumer Cyclical,Auto & Truck Dealerships,NYQ,2.54
JPC,Financial Services,Asset Management,NYQ,2.54
SEM,Healthcare,Medical Care Facilities,NYQ,2.54
GT,Consumer Cyclical,Auto Parts,NMS,2.53
IBRX,Healthcare,Biotechnology,NMS,2.53
ABR,Real Estate,REIT - Mortgage,NYQ,2.53
AIN,Consumer Cyclical,Textile Manufacturing,NYQ,2.53
GCMG,Financial Services,Asset Management,NGM,2.53
TTMI,Technology,Electronic Components,NMS,2.51
OII,Energy,Oil & Gas Equipment & Services,NYQ,2.51
KWR,Basic Materials,Specialty Chemicals,NYQ,2.51
CSAN,Energy,Oil & Gas Refining & Marketing,NYQ,2.51
MRX,Financial Services,Capital Markets,NMS,2.51
PPBI,Financial Services,Banks - Regional,NMS,2.5
PRGS,Technology,Software - Infrastructure,NMS,2.49
NEOG,Healthcare,Diagnostics & Research,NMS,2.49
MRCY,Industrials,Aerospace & Defense,NMS,2.49
ARWR,Healthcare,Biotechnology,NMS,2.49
MLCO,Consumer Cyclical,Resorts & Casinos,NMS,2.48
BATRK,Communication Services,Entertainment,NMS,2.47
FBK,Financial Services,Banks - Regional,NYQ,2.47
AZTA,Healthcare,Medical Instruments & Supplies,NMS,2.47
RNST,Financial Services,Banks - Regional,NYQ,2.47
AIR,Industrials,Aerospace & Defense,NYQ,2.47
EPAC,Industrials,Specialty Industrial Machinery,NYQ,2.46
BATRA,Communication Services,Entertainment,NMS,2.46
LXP,Real Estate,REIT - Industrial,NYQ,2.46
MTX,Basic Materials,Specialty Chemicals,NYQ,2.45
KLC,Consumer Defensive,Education & Training Services,NYQ,2.45
ENR,Industrials,Electrical Equipment & Parts,NYQ,2.45
BANR,Financial Services,Banks - Regional,NMS,2.44
NZF,Financial Services,Asset Management,NYQ,2.44
ARCH,Basic Materials,Coking Coal,NYQ,2.44
AMR,Basic Materials,Coking Coal,NYQ,2.43
FLYW,Technology,Software - Infrastructure,NMS,2.43
TNDM,Healthcare,Medical Devices,NGM,2.43
RPD,Technology,Software - Infrastructure,NGM,2.43
SBCF,Financial Services,Banks - Regional,NMS,2.43
APGE,Healthcare,Biotechnology,NGM,2.42
B,Industrials,Specialty Industrial Machinery,NYQ,2.42
PFS,Financial Services,Banks - Regional,NYQ,2.42
MGNI,Communication Services,Advertising Agencies,NMS,2.42
WAFD,Financial Services,Banks - Regional,NMS,2.42
BKE,Consumer Cyclical,Apparel Retail,NYQ,2.42
CCS,Real Estate,Real Estate - Development,NYQ,2.42
LU,Financial Services,Credit Services,NYQ,2.42
HI,Industrials,Specialty Industrial Machinery,NYQ,2.41
ETY,Financial Services,Asset Management,NYQ,2.41
NGD,Basic Materials,Gold,ASE,2.41
STNG,Energy,Oil & Gas Midstream,NYQ,2.41
STRA,Consumer Defensive,Education & Training Services,NMS,2.41
PTY,Financial Services,Asset Management,NYQ,2.4
SPNT,Financial Services,Insurance - Reinsurance,NYQ,2.4
DAN,Consumer Cyclical,Auto Parts,NYQ,2.4
NAMS,Healthcare,Biotechnology,NGM,2.39
TRIP,Consumer Cyclical,Travel Services,NMS,2.39
DKL,Energy,Oil & Gas Refining & Marketing,NYQ,2.38
KLIC,Technology,Semiconductor Equipment & Materials,NMS,2.38
HNI,Industrials,Business Equipment & Supplies,NYQ,2.38
LMND,Financial Services,Insurance - Property & Casualty,NYQ,2.37
SEB,Industrials,Conglomerates,ASE,2.37
VERA,Healthcare,Biotechnology,NGM,2.36
UTF,Financial Services,Asset Management,NYQ,2.36
WB,Communication Services,Internet Content & Information,NMS,2.36
FLNC,Utilities,Utilities - Renewable,NMS,2.36
HCM,Healthcare,Drug Manufacturers - Specialty & Generic,NMS,2.35
MIRM,Healthcare,Biotechnology,NGM,2.35
RNW,Utilities,Utilities - Renewable,NMS,2.35
SDRL,Energy,Oil & Gas Drilling,NYQ,2.34
VTMX,Real Estate,Real Estate - Development,NYQ,2.34
WSBC,Financial Services,Banks - Regional,NMS,2.34
YY,Communication Services,Internet Content & Information,NMS,2.33
PAGS,Technology,Software - Infrastructure,NYQ,2.32
VC,Consumer Cyclical,Auto Parts,NMS,2.32
PWP,Financial Services,Capital Markets,NMS,2.32
NATL,Technology,Software - Application,NYQ,2.31
SPB,Consumer Defensive,Household & Personal Products,NYQ,2.31
VICR,Technology,Electronic Components,NMS,2.31
CGON,Healthcare,Biotechnology,NMS,2.3
VSH,Technology,Semiconductors,NYQ,2.3
ZD,Communication Services,Advertising Agencies,NMS,2.3
INTR,Financial Services,Banks - Regional,NMS,2.3
IVT,Real Estate,REIT - Retail,NYQ,2.29
ADUS,Healthcare,Medical Care Facilities,NMS,2.29
ADX,Financial Services,Asset Management,NYQ,2.29
ZGN,Consumer Cyclical,Apparel Manufacturing,NYQ,2.29
TRMK,Financial Services,Banks - Regional,NMS,2.29
CERT,Healthcare,Health Information Services,NMS,2.29
JBLU,Industrials,Airlines,NMS,2.28
CXW,Industrials,Security & Protection Services,NYQ,2.28
ACLS,Technology,Semiconductor Equipment & Materials,NMS,2.28
MYRG,Industrials,Engineering & Construction,NMS,2.28
SHO,Real Estate,REIT - Hotel & Motel,NYQ,2.28
KYN,Financial Services,Asset Management,NYQ,2.27
ENVX,Industrials,Electrical Equipment & Parts,NMS,2.27
ALG,Industrials,Farm & Heavy Construction Machinery,NYQ,2.27
TMDX,Healthcare,Medical Devices,NGM,2.27
CXM,Technology,Software - Application,NYQ,2.26
DFH,Consumer Cyclical,Residential Construction,NYQ,2.26
NEXT,Energy,Oil & Gas E&P,NCM,2.26
NBTB,Financial Services,Banks - Regional,NMS,2.25
HURN,Industrials,Consulting Services,NMS,2.25
PACS,Healthcare,Medical Care Facilities,NYQ,2.25
ROIC,Real Estate,REIT - Retail,NMS,2.25
PTGX,Healthcare,Biotechnology,NGM,2.25
ARCB,Industrials,Trucking,NMS,2.24
CCU,Consumer Defensive,Beverages - Brewers,NYQ,2.24
HWKN,Basic Materials,Specialty Chemicals,NMS,2.24
CNTA,Healthcare,Biotechnology,NMS,2.23
GDV,Financial Services,Asset Management,NYQ,2.23
IQ,Communication Services,Entertainment,NMS,2.23
WERN,Industrials,Trucking,NMS,2.23
RVLV,Consumer Cyclical,Internet Retail,NYQ,2.23
CNMD,Healthcare,Medical Devices,NYQ,2.22
RAMP,Technology,Software - Infrastructure,NYQ,2.22
OSW,Consumer Cyclical,Leisure,NCM,2.22
WLY,Communication Services,Publishing,NYQ,2.22
SOC,Energy,Oil & Gas Drilling,NYQ,2.22
EFSC,Financial Services,Banks - Regional,NMS,2.21
SXI,Industrials,Specialty Industrial Machinery,NYQ,2.21
HRMY,Healthcare,Biotechnology,NGM,2.21
BTU,Energy,Thermal Coal,NYQ,2.21
LSPD,Technology,Software - Application,NYQ,2.21
CLOV,Healthcare,Healthcare Plans,NMS,2.2
MBC,Consumer Cyclical,"Furnishings, Fixtures & Appliances",NYQ,2.2
LGND,Healthcare,Biotechnology,NGM,2.2
WLYB,Communication Services,Publishing,NYQ,2.2
AVDX,Technology,Software - Infrastructure,NMS,2.19
PSNYW,Consumer Cyclical,Auto Manufacturers,NGM,2.19
PSNY,Consumer Cyclical,Auto Manufacturers,NGM,2.19
IREN,Financial Services,Capital Markets,NMS,2.19
ICFI,Industrials,Consulting Services,NMS,2.19
LMAT,Healthcare,Medical Instruments & Supplies,NGM,2.18
PINC,Healthcare,Health Information Services,NMS,2.18
CEPU,Utilities,Utilities - Regulated Electric,NYQ,2.18
GOF,Financial Services,Asset Management,NYQ,2.18
PHIN,Consumer Cyclical,Auto Parts,NYQ,2.17
KAR,Consumer Cyclical,Auto & Truck Dealerships,NYQ,2.17
SYBT,Financial Services,Banks - Regional,NMS,2.17
SLNO,Healthcare,Biotechnology,NCM,2.17
CHEF,Consumer Defensive,Food Distribution,NMS,2.16
CLM,Financial Services,Asset Management,NYQ,2.15
BEAM,Healthcare,Biotechnology,NMS,2.15
ARDT,Healthcare,Medical Care Facilities,NYQ,2.15
ZIM,Industrials,Marine Shipping,NYQ,2.14
PLUS,Technology,Software - Application,NMS,2.14
CENTA,Consumer Defensive,Packaged Foods,NMS,2.12
SUPN,Healthcare,Drug Manufacturers - Specialty & Generic,NGM,2.12
CENT,Consumer Defensive,Packaged Foods,NMS,2.12
TR,Consumer Defensive,Confectioners,NYQ,2.12
COCO,Consumer Defensive,Beverages - Non-Alcoholic,NMS,2.12
UFPT,Healthcare,Medical Devices,NCM,2.11
UPWK,Communication Services,Internet Content & Information,NMS,2.11
CRTO,Communication Services,Advertising Agencies,NMS,2.1
AGM,Financial Services,Credit Services,NYQ,2.1
LGIH,Consumer Cyclical,Residential Construction,NMS,2.1
MTRN,Basic Materials,Other Industrial Metals & Mining,NYQ,2.1
IDYA,Healthcare,Biotechnology,NMS,2.1
EXTR,Technology,Communication Equipment,NMS,2.1
WOR,Industrials,Metal Fabrication,NYQ,2.1
CMBT,Energy,Oil & Gas Midstream,NYQ,2.1
SID,Basic Materials,Steel,NYQ,2.1
VSEC,Industrials,Aerospace & Defense,NMS,2.09
NUKKW,Technology,Software - Application,NCM,2.09
TSLX,Financial Services,Asset Management,NYQ,2.09
GBX,Industrials,Railroads,NYQ,2.08
OMCL,Healthcare,Health Information Services,NMS,2.08
EVTC,Technology,Software - Infrastructure,NYQ,2.07
BKV,Energy,Oil & Gas E&P,NYQ,2.07
WGS,Healthcare,Diagnostics & Research,NMS,2.06
TARS,Healthcare,Biotechnology,NMS,2.06
DBRG,Real Estate,Real Estate Services,NYQ,2.05
GTX,Consumer Cyclical,Auto Parts,NMS,2.05
OXLC,Financial Services,Asset Management,NGM,2.04
NXRT,Real Estate,REIT - Residential,NYQ,2.04
HUT,Financial Services,Capital Markets,NMS,2.03
RUN,Technology,Solar,NMS,2.03
IIPR,Real Estate,REIT - Industrial,NYQ,2.03
GENI,Communication Services,Internet Content & Information,NYQ,2.02
LUNR,Industrials,Aerospace & Defense,NGM,2.01
USA,Financial Services,Asset Management,NYQ,2.01
TRUP,Financial Services,Insurance - Property & Casualty,NGM,2.01
IART,Healthcare,Medical Devices,NMS,2.01
CTRI,Utilities,Utilities - Regulated Gas,NYQ,2.01
FINV,Financial Services,Credit Services,NYQ,1.99
IBTA,Technology,Software - Application,NYQ,1.99
CIFR,Financial Services,Capital Markets,NMS,1.99
CRI,Consumer Cyclical,Apparel Retail,NYQ,1.98
ATRC,Healthcare,Medical Instruments & Supplies,NGM,1.98
ORLA,Basic Materials,Gold,ASE,1.98
HSAI,Consumer Cyclical,Auto Parts,NMS,1.97
HLMN,Industrials,Tools & Accessories,NGM,1.97
PGNY,Healthcare,Health Information Services,NMS,1.97
HTH,Financial Services,Banks - Regional,NYQ,1.96
AGIO,Healthcare,Biotechnology,NMS,1.96
LZB,Consumer Cyclical,"Furnishings, Fixtures & Appliances",NYQ,1.96
MBIN,Financial Services,Banks - Regional,NCM,1.95
HG,Financial Services,Insurance - Reinsurance,NYQ,1.95
CNXN,Technology,Electronics & Computer Distribution,NMS,1.95
OFG,Financial Services,Banks - Regional,NYQ,1.94
JAMF,Technology,Software - Application,NMS,1.94
TRMD,Energy,Oil & Gas Midstream,NMS,1.94
EDN,Utilities,Utilities - Regulated Electric,NYQ,1.93
MQ,Technology,Software - Infrastructure,NMS,1.93
DAVA,Technology,Software - Infrastructure,NYQ,1.93
LOT,Consumer Cyclical,Auto Manufacturers,NMS,1.93
INSW,Energy,Oil & Gas Midstream,NYQ,1.92
DFIN,Technology,Software - Application,NYQ,1.92
VITL,Consumer Defensive,Farm Products,NGM,1.92
CASH,Financial Services,Banks - Regional,NMS,1.92
ENLT,Utilities,Utilities - Renewable,NMS,1.91
IRON,Healthcare,Biotechnology,NGM,1.91
BTE,Energy,Oil & Gas E&P,NYQ,1.91
ALGT,Industrials,Airlines,NMS,1.91
CVI,Energy,Oil & Gas Refining & Marketing,NYQ,1.91
ULCC,Industrials,Airlines,NMS,1.9
FL,Consumer Cyclical,Apparel Retail,NYQ,1.9
FTF,Financial Services,Asset Management,ASE,1.89
PRDO,Consumer Defensive,Education & Training Services,NMS,1.89
GDYN,Technology,Information Technology Services,NCM,1.88
RVT,Financial Services,Asset Management,NYQ,1.88
SPT,Technology,Software - Application,NCM,1.88
PSEC,Financial Services,Asset Management,NMS,1.88
AAT,Real Estate,REIT - Diversified,NYQ,1.87
EVCM,Technology,Software - Infrastructure,NMS,1.86
BAK,Basic Materials,Chemicals,NYQ,1.86
KMT,Industrials,Tools & Accessories,NYQ,1.86
ROCK,Industrials,Building Products & Equipment,NMS,1.86
AGX,Industrials,Engineering & Construction,NYQ,1.86
VNET,Technology,Information Technology Services,NMS,1.86
CDLR,Industrials,Engineering & Construction,NYQ,1.85
SDGR,Healthcare,Health Information Services,NMS,1.85
BLTE,Healthcare,Biotechnology,NCM,1.85
OI,Consumer Cyclical,Packaging & Containers,NYQ,1.85
DRH,Real Estate,REIT - Hotel & Motel,NYQ,1.85
FIHL,Financial Services,Insurance - Diversified,NYQ,1.84
VSTS,Industrials,Rental & Leasing Services,NYQ,1.84
WULF,Financial Services,Capital Markets,NCM,1.84
NEO,Healthcare,Diagnostics & Research,NCM,1.84
PAX,Financial Services,Asset Management,NMS,1.84
GOGL,Industrials,Marine Shipping,NMS,1.84
SIMO,Technology,Semiconductors,NMS,1.84
MNR,Energy,Oil & Gas E&P,NYQ,1.84
GLP,Energy,Oil & Gas Midstream,NYQ,1.83
NUV,Financial Services,Asset Management,NYQ,1.83
EVT,Financial Services,Asset Management,NYQ,1.83
SBLK,Industrials,Marine Shipping,NMS,1.83
PRM,Basic Materials,Specialty Chemicals,NYQ,1.83
DHT,Energy,Oil & Gas Midstream,NYQ,1.83
WMK,Consumer Defensive,Grocery Stores,NYQ,1.82
TXG,Healthcare,Health Information Services,NMS,1.82
GDRX,Healthcare,Health Information Services,NMS,1.82
FBNC,Financial Services,Banks - Regional,NMS,1.82
PL,Industrials,Aerospace & Defense,NYQ,1.82
NABL,Technology,Information Technology Services,NYQ,1.82
REVG,Industrials,Farm & Heavy Construction Machinery,NYQ,1.81
STC,Financial Services,Insurance - Property & Casualty,NYQ,1.81
PROK,Healthcare,Biotechnology,NCM,1.81
TFIN,Financial Services,Banks - Regional,NMS,1.8
CUBI,Financial Services,Banks - Regional,NYQ,1.79
WWW,Consumer Cyclical,Footwear & Accessories,NYQ,1.79
TALO,Energy,Oil & Gas E&P,NYQ,1.79
VYX,Technology,Information Technology Services,NYQ,1.79
UNFI,Consumer Defensive,Food Distribution,NYQ,1.78
TVTX,Healthcare,Biotechnology,NGM,1.78
PRG,Industrials,Rental & Leasing Services,NYQ,1.78
IOVA,Healthcare,Biotechnology,NGM,1.78
SVV,Consumer Cyclical,Specialty Retail,NYQ,1.78
SKWD,Financial Services,Insurance - Property & Casualty,NMS,1.78
THS,Consumer Defensive,Packaged Foods,NYQ,1.77
HIMX,Technology,Semiconductors,NMS,1.77
EXPI,Real Estate,Real Estate Services,NGM,1.77
ARHS,Consumer Cyclical,Home Improvement Retail,NMS,1.77
HPK,Energy,Oil & Gas E&P,NGM,1.77
VRE,Real Estate,REIT - Residential,NYQ,1.76
MSGE,Consumer Cyclical,Leisure,NYQ,1.76
WVE,Healthcare,Biotechnology,NGM,1.76
BIGZ,Financial Services,Asset Management,NYQ,1.75
AMPH,Healthcare,Drug Manufacturers - Specialty & Generic,NMS,1.75
TDOC,Healthcare,Health Information Services,NYQ,1.75
CHCO,Financial Services,Banks - Regional,NMS,1.74
CMPR,Industrials,Specialty Business Services,NMS,1.74
ROG,Technology,Electronic Components,NYQ,1.74
SAND,Basic Materials,Gold,NYQ,1.74
LKFN,Financial Services,Banks - Regional,NMS,1.74
BBUC,Financial Services,Asset Management,NYQ,1.74
GERN,Healthcare,Biotechnology,NMS,1.73
NIC,Financial Services,Banks - Regional,NYQ,1.72
DVAX,Healthcare,Drug Manufacturers - Specialty & Generic,NMS,1.72
GPCR,Healthcare,Biotechnology,NGM,1.72
RQI,Financial Services,Asset Management,NYQ,1.72
NTCT,Technology,Software - Infrastructure,NMS,1.71
CABO,Communication Services,Telecom Services,NYQ,1.71
GTY,Real Estate,REIT - Retail,NYQ,1.71
CSGS,Technology,Software - Infrastructure,NMS,1.71
IAS,Communication Services,Advertising Agencies,NMS,1.71
DNN,Energy,Uranium,ASE,1.7
FCF,Financial Services,Banks - Regional,NYQ,1.7
CENX,Basic Materials,Aluminum,NMS,1.7
MAG,Basic Materials,Silver,ASE,1.69
TY,Financial Services,Asset Management,NYQ,1.69
GAB,Financial Services,Asset Management,NYQ,1.69
PLUG,Industrials,Electrical Equipment & Parts,NCM,1.69
NWBI,Financial Services,Banks - Regional,NMS,1.68
ASTH,Healthcare,Medical Care Facilities,NCM,1.68
SUPV,Financial Services,Banks - Regional,NYQ,1.68
CLDX,Healthcare,Biotechnology,NCM,1.68
GNL,Real Estate,REIT - Diversified,NYQ,1.68
ETV,Financial Services,Asset Management,NYQ,1.68
MTTR,Technology,Software - Application,NGM,1.68
KN,Technology,Electronic Components,NYQ,1.67
SJW,Utilities,Utilities - Regulated Water,NMS,1.67
SPHR,Communication Services,Entertainment,NYQ,1.67
ATEC,Healthcare,Medical Devices,NMS,1.67
PD,Technology,Software - Application,NYQ,1.67
SONO,Technology,Consumer Electronics,NMS,1.66
OPRA,Communication Services,Internet Content & Information,NMS,1.66
UCTT,Technology,Semiconductor Equipment & Materials,NMS,1.66
AMBP,Consumer Cyclical,Packaging & Containers,NYQ,1.66
KRP,Energy,Oil & Gas E&P,NYQ,1.65
NGVT,Basic Materials,Specialty Chemicals,NYQ,1.65
PHR,Healthcare,Health Information Services,NYQ,1.65
XMTR,Industrials,Specialty Industrial Machinery,NMS,1.65
APLD,Technology,Information Technology Services,NMS,1.65
IMCR,Healthcare,Biotechnology,NMS,1.65
VVX,Industrials,Aerospace & Defense,NYQ,1.65
ARCO,Consumer Cyclical,Restaurants,NYQ,1.65
LOMA,Basic Materials,Building Materials,NYQ,1.64
STGW,Communication Services,Advertising Agencies,NMS,1.64
BCRX,Healthcare,Biotechnology,NMS,1.64
NBHC,Financial Services,Banks - Regional,NYQ,1.64
WBTN,Communication Services,Internet Content & Information,NMS,1.64
WKC,Energy,Oil & Gas Refining & Marketing,NYQ,1.64
NAC,Financial Services,Asset Management,NYQ,1.64
SSRM,Basic Materials,Gold,NMS,1.63
NTB,Financial Services,Banks - Diversified,NYQ,1.63
CODI,Industrials,Conglomerates,NYQ,1.63
DBD,Technology,Software - Application,NYQ,1.63
BBU,Industrials,Conglomerates,NYQ,1.63
NN,Technology,Software - Infrastructure,NCM,1.62
ARIS,Utilities,Utilities - Regulated Water,NYQ,1.62
PBI,Industrials,Integrated Freight & Logistics,NYQ,1.62
PCT,Industrials,Pollution & Treatment Controls,NCM,1.62
TROX,Basic Materials,Chemicals,NYQ,1.62
EPC,Consumer Defensive,Household & Personal Products,NYQ,1.62
TNC,Industrials,Specialty Industrial Machinery,NYQ,1.61
DESP,Consumer Cyclical,Travel Services,NYQ,1.61
PDO,Basic Materials,Independent Oil & Gas,NYQ,1.61
LOB,Financial Services,Banks - Regional,NYQ,1.61
EVO,Healthcare,Drug Manufacturers - Specialty & Generic,NMS,1.61
STEW,Financial Services,Asset Management,NYQ,1.6
XHR,Real Estate,REIT - Hotel & Motel,NYQ,1.6
CDRE,Industrials,Aerospace & Defense,NYQ,1.6
MNKD,Healthcare,Biotechnology,NGM,1.6
KEN,Utilities,Utilities - Independent Power Producers,NYQ,1.6
ARQT,Healthcare,Biotechnology,NMS,1.6
BDJ,Financial Services,Asset Management,NYQ,1.6
NWN,Utilities,Utilities - Regulated Gas,NYQ,1.6
UPBD,Technology,Software - Application,NMS,1.6
PX,Financial Services,Asset Management,NYQ,1.59
FSM,Basic Materials,Gold,NYQ,1.59
DXPE,Industrials,Industrial Distribution,NMS,1.59
RDW,Industrials,Aerospace & Defense,NYQ,1.59
NHC,Healthcare,Medical Care Facilities,ASE,1.59
HE,Utilities,Utilities - Regulated Electric,NYQ,1.58
VRNT,Technology,Software - Infrastructure,NMS,1.58
QBTS,Technology,Computer Hardware,NYQ,1.58
DNOW,Industrials,Industrial Distribution,NYQ,1.57
PEB,Real Estate,REIT - Hotel & Motel,NYQ,1.57
MCRI,Consumer Cyclical,Resorts & Casinos,NMS,1.57
SILV,Basic Materials,Other Precious Metals & Mining,ASE,1.57
HMN,Financial Services,Insurance - Property & Casualty,NYQ,1.57
INFN,Technology,Communication Equipment,NMS,1.57
GO,Consumer Defensive,Grocery Stores,NMS,1.57
CMPO,Industrials,Metal Fabrication,NGM,1.57
LTC,Real Estate,REIT - Healthcare Facilities,NYQ,1.56
CLBK,Financial Services,Banks - Regional,NMS,1.56
LUCK,Consumer Cyclical,Leisure,NYQ,1.56
LZ,Industrials,Specialty Business Services,NMS,1.55
DNUT,Consumer Defensive,Grocery Stores,NMS,1.55
DAC,Industrials,Marine Shipping,NYQ,1.54
VRDN,Healthcare,Biotechnology,NCM,1.54
BHE,Technology,Electronic Components,NYQ,1.54
SRCE,Financial Services,Banks - Regional,NMS,1.54
CTS,Technology,Electronic Components,NYQ,1.54
DSGR,Industrials,Industrial Distribution,NMS,1.54
ZUO,Technology,Software - Infrastructure,NYQ,1.53
ADNT,Consumer Cyclical,Auto Parts,NYQ,1.53
LC,Financial Services,Banks - Regional,NYQ,1.53
MLKN,Consumer Cyclical,"Furnishings, Fixtures & Appliances",NMS,1.53
SPNS,Technology,Software - Application,NMS,1.53
BSTZ,Financial Services,Asset Management,NYQ,1.53
SHCO,Consumer Cyclical,Lodging,NYQ,1.53
EVEX,Industrials,Aerospace & Defense,NYQ,1.53
GLPG,Healthcare,Biotechnology,NMS,1.53
SASR,Financial Services,Banks - Regional,NMS,1.53
CLMT,Energy,Oil & Gas E&P,NMS,1.52
STEL,Financial Services,Banks - Regional,NYQ,1.52
AMPL,Technology,Software - Application,NCM,1.52
DMLP,Energy,Oil & Gas E&P,NMS,1.51
GSBD,Financial Services,Asset Management,NYQ,1.51
OPFI,Financial Services,Credit Services,NYQ,1.51
FTRE,Healthcare,Biotechnology,NMS,1.51
STBA,Financial Services,Banks - Regional,NMS,1.51
MXL,Technology,Semiconductors,NMS,1.51
NRIX,Healthcare,Biotechnology,NGM,1.5
RLJ,Real Estate,REIT - Hotel & Motel,NYQ,1.5
BV,Industrials,Specialty Business Services,NYQ,1.5
KOS,Energy,Oil & Gas E&P,NYQ,1.5
INDV,Healthcare,Drug Manufacturers - Specialty & Generic,NMS,1.5
WTTR,Energy,Oil & Gas Equipment & Services,NYQ,1.49
UTI,Consumer Defensive,Education & Training Services,NYQ,1.49
PLYA,Consumer Cyclical,Resorts & Casinos,NMS,1.49
XPRO,Energy,Oil & Gas Equipment & Services,NYQ,1.48
HLIO,Industrials,Specialty Industrial Machinery,NYQ,1.48
MMI,Real Estate,Real Estate Services,NYQ,1.48
BXMX,Financial Services,Asset Management,NYQ,1.48
AGL,Healthcare,Medical Care Facilities,NYQ,1.48
KSS,Consumer Cyclical,Department Stores,NYQ,1.47
ATSG,Industrials,Airlines,NMS,1.47
WS,Basic Materials,Steel,NYQ,1.47
ROOT,Financial Services,Insurance - Property & Casualty,NMS,1.47
TASK,Technology,Information Technology Services,NMS,1.47
FSLY,Technology,Software - Application,NYQ,1.47
PLAB,Technology,Semiconductor Equipment & Materials,NMS,1.46
VBTX,Financial Services,Banks - Regional,NGM,1.46
AFYA,Consumer Defensive,Education & Training Services,NMS,1.46
LNN,Industrials,Farm & Heavy Construction Machinery,NYQ,1.46
AHCO,Healthcare,Medical Devices,NCM,1.46
FDP,Consumer Defensive,Farm Products,NYQ,1.46
TCBK,Financial Services,Banks - Regional,NMS,1.45
MLNK,Technology,Software - Application,NYQ,1.45
CSTM,Basic Materials,Aluminum,NYQ,1.45
CBRL,Consumer Cyclical,Restaurants,NMS,1.45
DYN,Healthcare,Biotechnology,NMS,1.45
TGI,Industrials,Aerospace & Defense,NYQ,1.45
ATEN,Technology,Software - Infrastructure,NYQ,1.45
SEI,Energy,Oil & Gas Equipment & Services,NYQ,1.44
ETG,Financial Services,Asset Management,NYQ,1.44
TILE,Industrials,Building Products & Equipment,NMS,1.44
MODG,Consumer Cyclical,Leisure,NYQ,1.44
VECO,Technology,Semiconductor Equipment & Materials,NMS,1.44
GRDN,Healthcare,Medical Care Facilities,NYQ,1.44
TNK,Energy,Oil & Gas Midstream,NYQ,1.44
SCL,Basic Materials,Specialty Chemicals,NYQ,1.43
VIR,Healthcare,Biotechnology,NMS,1.43
HYT,Financial Services,Asset Management,NYQ,1.43
KARO,Technology,Software - Application,NCM,1.43
PRAX,Healthcare,Biotechnology,NMS,1.43
LADR,Real Estate,REIT - Mortgage,NYQ,1.43
WT,Financial Services,Asset Management,NYQ,1.43
VET,Energy,Oil & Gas E&P,NYQ,1.43
KLG,Consumer Defensive,Packaged Foods,NYQ,1.43
ANDE,Consumer Defensive,Food Distribution,NMS,1.42
DSL,Financial Services,Asset Management,NYQ,1.42
NNE,Industrials,Specialty Industrial Machinery,NCM,1.42
UMH,Real Estate,REIT - Residential,NYQ,1.42
KNSA,Healthcare,Drug Manufacturers - Specialty & Generic,NMS,1.42
LEG,Consumer Cyclical,"Furnishings, Fixtures & Appliances",NYQ,1.42
QUBT,Technology,Computer Hardware,NCM,1.42
HOPE,Financial Services,Banks - Regional,NMS,1.41
SFL,Industrials,Marine Shipping,NYQ,1.41
NYAX,Technology,Information Technology Services,NMS,1.41
NAVI,Financial Services,Credit Services,NMS,1.41
CMRE,Industrials,Marine Shipping,NYQ,1.41
HELE,Consumer Defensive,Household & Personal Products,NMS,1.41
LEU,Energy,Uranium,ASE,1.4
ADEA,Technology,Software - Application,NMS,1.4
VRTS,Financial Services,Asset Management,NYQ,1.4
HDL,Consumer Cyclical,Restaurants,NGM,1.4
FLNG,Energy,Oil & Gas Midstream,NYQ,1.4
FORTY,Technology,Information Technology Services,NMS,1.4
CWH,Consumer Cyclical,Auto & Truck Dealerships,NYQ,1.39
SYRE,Healthcare,Biotechnology,NMS,1.39
NVAX,Healthcare,Biotechnology,NMS,1.39
ERO,Basic Materials,Copper,NYQ,1.39
GB,Technology,Software - Infrastructure,NYQ,1.39
DSP,Technology,Software - Application,NMS,1.38
BUSE,Financial Services,Banks - Regional,NMS,1.38
NRP,Energy,Thermal Coal,NYQ,1.38
KRNT,Industrials,Specialty Industrial Machinery,NMS,1.38
AAOI,Technology,Communication Equipment,NGM,1.38
BTT,Financial Services,Asset Management,NYQ,1.38
BLX,Financial Services,Banks - Regional,NYQ,1.38
WABC,Financial Services,Banks - Regional,NMS,1.38
SILA,Real Estate,REIT - Healthcare Facilities,NYQ,1.37
WINA,Consumer Cyclical,Specialty Retail,NGM,1.37
GIII,Consumer Cyclical,Apparel Manufacturing,NMS,1.37
BHLB,Financial Services,Banks - Regional,NYQ,1.37
RXST,Healthcare,Medical Devices,NGM,1.37
FUBO,Communication Services,Broadcasting,NYQ,1.37
DCOM,Financial Services,Banks - Regional,NMS,1.36
SPH,Utilities,Utilities - Regulated Gas,NYQ,1.36
WGO,Consumer Cyclical,Recreational Vehicles,NYQ,1.36
NSSC,Industrials,Security & Protection Services,NMS,1.35
FSCO,Financial Services,Asset Management,NYQ,1.35
TUYA,Technology,Software - Infrastructure,NYQ,1.35
CET,Financial Services,Asset Management,NYQ,1.35
EXOD,Technology,Software - Infrastructure,ASE,1.34
CGAU,Basic Materials,Gold,NYQ,1.34
ETNB,Healthcare,Biotechnology,NGM,1.34
ELME,Real Estate,REIT - Residential,NYQ,1.34
USPH,Healthcare,Medical Care Facilities,NYQ,1.34
QQQX,Financial Services,Asset Management,NGM,1.34
QNST,Communication Services,Advertising Agencies,NMS,1.33
CCB,Financial Services,Banks - Regional,NMS,1.33
UNIT,Real Estate,REIT - Specialty,NMS,1.33
OXM,Consumer Cyclical,Apparel Manufacturing,NYQ,1.32
SMWB,Technology,Software - Application,NYQ,1.32
TIGR,Financial Services,Capital Markets,NMS,1.32
RES,Energy,Oil & Gas Equipment & Services,NYQ,1.32
TWO,Real Estate,REIT - Mortgage,NYQ,1.32
AORT,Healthcare,Medical Devices,NYQ,1.32
ATUS,Communication Services,Telecom Services,NYQ,1.32
OCSL,Financial Services,Asset Management,NMS,1.32
QCRH,Financial Services,Banks - Regional,NGM,1.32
INMD,Healthcare,Medical Devices,NMS,1.32
BST,Financial Services,Asset Management,NYQ,1.31
JBGS,Real Estate,REIT - Office,NYQ,1.31
MFIC,Financial Services,Asset Management,NMS,1.31
HLIT,Technology,Communication Equipment,NMS,1.31
BY,Financial Services,Banks - Regional,NYQ,1.31
UVV,Consumer Defensive,Tobacco,NYQ,1.31
DOLE,Consumer Defensive,Farm Products,NYQ,1.31
SCS,Consumer Cyclical,"Furnishings, Fixtures & Appliances",NYQ,1.31
SEZL,Financial Services,Credit Services,NCM,1.31
DAWN,Healthcare,Biotechnology,NMS,1.3
ALEX,Real Estate,REIT - Retail,NYQ,1.3
LX,Financial Services,Credit Services,NMS,1.3
PLSE,Healthcare,Medical Instruments & Supplies,NCM,1.29
AIV,Real Estate,REIT - Residential,NYQ,1.29
MRC,Energy,Oil & Gas Equipment & Services,NYQ,1.29
SABR,Technology,Software - Infrastructure,NMS,1.29
GEL,Energy,Oil & Gas Midstream,NYQ,1.29
PZZA,Consumer Cyclical,Restaurants,NMS,1.29
ACMR,Technology,Semiconductor Equipment & Materials,NGM,1.29
DCBO,Technology,Software - Application,NMS,1.28
MDXG,Healthcare,Biotechnology,NCM,1.28
WLFC,Industrials,Rental & Leasing Services,NGM,1.28
XNCR,Healthcare,Biotechnology,NGM,1.28
TBLA,Communication Services,Internet Content & Information,NMS,1.28
HCI,Financial Services,Insurance - Property & Casualty,NYQ,1.28
BLFS,Healthcare,Medical Instruments & Supplies,NCM,1.27
RBCAA,Financial Services,Banks - Regional,NMS,1.27
FWRG,Consumer Cyclical,Restaurants,NMS,1.27
SPRY,Healthcare,Biotechnology,NGM,1.27
HTZ,Industrials,Rental & Leasing Services,NMS,1.27
ARDX,Healthcare,Biotechnology,NGM,1.27
BMBL,Communication Services,Internet Content & Information,NMS,1.27
BFS,Real Estate,REIT - Retail,NYQ,1.26
IMKTA,Consumer Defensive,Grocery Stores,NMS,1.26
EOS,Financial Services,Asset Management,NYQ,1.26
TPC,Industrials,Engineering & Construction,NYQ,1.26
NMM,Industrials,Marine Shipping,NYQ,1.26
NMFC,Financial Services,Asset Management,NMS,1.26
FOR,Real Estate,Real Estate - Development,NYQ,1.25
MRTN,Industrials,Trucking,NMS,1.25
EOSE,Industrials,Electrical Equipment & Parts,NCM,1.25
ANIP,Healthcare,Drug Manufacturers - Specialty & Generic,NGM,1.25
IRS,Real Estate,Real Estate Services,NYQ,1.25
NMZ,Financial Services,Asset Management,NYQ,1.25
CDNA,Healthcare,Diagnostics & Research,NGM,1.25
KW,Real Estate,Real Estate Services,NYQ,1.24
SDHC,Real Estate,Real Estate - Development,NYQ,1.24
IMAX,Communication Services,Entertainment,NYQ,1.24
CNNE,Consumer Cyclical,Restaurants,NYQ,1.24
CRAI,Industrials,Consulting Services,NMS,1.24
NFJ,Financial Services,Asset Management,NYQ,1.24
VSAT,Technology,Communication Equipment,NMS,1.24
MRVI,Healthcare,Biotechnology,NMS,1.24
MOMO,Communication Services,Internet Content & Information,NMS,1.24
VTEX,Technology,Software - Application,NYQ,1.23
CTOS,Industrials,Rental & Leasing Services,NYQ,1.23
DAVE,Technology,Software - Application,NGM,1.23
NVEE,Industrials,Engineering & Construction,NMS,1.23
GABC,Financial Services,Banks - Regional,NMS,1.23
ARVN,Healthcare,Biotechnology,NMS,1.23
GAM,Financial Services,Asset Management,NYQ,1.23
ACDC,Energy,Oil & Gas Equipment & Services,NMS,1.22
PCRX,Healthcare,Drug Manufacturers - Specialty & Generic,NMS,1.22
VTLE,Energy,Oil & Gas E&P,NYQ,1.22
EIG,Financial Services,Insurance - Specialty,NYQ,1.22
HLX,Energy,Oil & Gas Equipment & Services,NYQ,1.22
TTGT,Communication Services,Internet Content & Information,NMS,1.22
ARI,Real Estate,REIT - Mortgage,NYQ,1.22
COUR,Consumer Defensive,Education & Training Services,NYQ,1.22
EVH,Healthcare,Health Information Services,NYQ,1.22
LILAK,Communication Services,Telecom Services,NMS,1.21
OCUL,Healthcare,Biotechnology,NGM,1.21
SNDX,Healthcare,Biotechnology,NMS,1.21
OLO,Technology,Software - Application,NYQ,1.21
FBMS,Financial Services,Banks - Regional,NYQ,1.21
SGML,Basic Materials,Other Industrial Metals & Mining,NCM,1.21
LILA,Communication Services,Telecom Services,NMS,1.21
DEA,Real Estate,REIT - Office,NYQ,1.21
NTST,Real Estate,REIT - Retail,NYQ,1.2
LQDA,Healthcare,Biotechnology,NCM,1.2
PFBC,Financial Services,Banks - Regional,NMS,1.2
CIM,Real Estate,REIT - Mortgage,NYQ,1.2
MD,Healthcare,Medical Care Facilities,NYQ,1.2
IDT,Communication Services,Telecom Services,NYQ,1.19
STAA,Healthcare,Medical Instruments & Supplies,NGM,1.19
EVV,Financial Services,Asset Management,ASE,1.19
AMRC,Industrials,Engineering & Construction,NYQ,1.19
OBK,Financial Services,Banks - Regional,NYQ,1.19
NYMTN,Real Estate,REIT - Mortgage,NMS,1.19
AMC,Communication Services,Entertainment,NYQ,1.19
WEAV,Healthcare,Health Information Services,NYQ,1.19
AMWD,Consumer Cyclical,"Furnishings, Fixtures & Appliances",NMS,1.19
RCUS,Healthcare,Biotechnology,NYQ,1.18
THRM,Consumer Cyclical,Auto Parts,NMS,1.18
PMT,Real Estate,REIT - Mortgage,NYQ,1.18
DQ,Technology,Semiconductor Equipment & Materials,NYQ,1.18
CRCT,Technology,Computer Hardware,NMS,1.18
PSFE,Technology,Software - Infrastructure,NYQ,1.18
EFXT,Energy,Oil & Gas Equipment & Services,NYQ,1.18
EVRI,Consumer Cyclical,Gambling,NYQ,1.18
FSUN,Financial Services,Banks - Regional,NMS,1.17
BCSF,Financial Services,Asset Management,NYQ,1.17
SAFT,Financial Services,Insurance - Property & Casualty,NMS,1.17
ARLO,Industrials,Building Products & Equipment,NYQ,1.17
ECPG,Financial Services,Mortgage Finance,NMS,1.17
INVA,Healthcare,Biotechnology,NMS,1.17
JBI,Industrials,Building Products & Equipment,NYQ,1.17
SAFE,Real Estate,REIT - Diversified,NYQ,1.16
PGRE,Real Estate,REIT - Office,NYQ,1.16
IHS,Communication Services,Telecom Services,NYQ,1.16
BLBD,Industrials,Farm & Heavy Construction Machinery,NGM,1.16
ULH,Industrials,Trucking,NMS,1.16
XPEL,Consumer Cyclical,Auto Parts,NCM,1.16
PEBO,Financial Services,Banks - Regional,NMS,1.16
CARS,Consumer Cyclical,Auto & Truck Dealerships,NYQ,1.16
FPF,Financial Services,Asset Management,NYQ,1.15
DK,Energy,Oil & Gas Refining & Marketing,NYQ,1.15
APOG,Industrials,Building Products & Equipment,NMS,1.15
NVGS,Energy,Oil & Gas Midstream,NYQ,1.15
MYGN,Healthcare,Diagnostics & Research,NMS,1.15
DGII,Technology,Communication Equipment,NMS,1.15
JFR,Financial Services,Asset Management,NYQ,1.15
AUPH,Healthcare,Biotechnology,NGM,1.15
ADPT,Healthcare,Biotechnology,NMS,1.14
ARRY,Technology,Solar,NGM,1.14
FOXF,Consumer Cyclical,Auto Parts,NMS,1.14
IGIC,Financial Services,Insurance - Diversified,NCM,1.14
RCKT,Healthcare,Biotechnology,NGM,1.14
EFC,Real Estate,REIT - Mortgage,NYQ,1.14
SA,Basic Materials,Gold,NYQ,1.13
TPB,Consumer Defensive,Tobacco,NYQ,1.13
GOOS,Consumer Cyclical,Apparel Manufacturing,NYQ,1.13
KALU,Basic Materials,Aluminum,NMS,1.13
AOSL,Technology,Semiconductors,NMS,1.12
PRO,Technology,Software - Application,NYQ,1.12
BBSI,Industrials,Staffing & Employment Services,NMS,1.12
CCEC,Industrials,Marine Shipping,NMS,1.12
DX,Real Estate,REIT - Mortgage,NYQ,1.12
SII,Financial Services,Asset Management,NYQ,1.11
SBH,Consumer Cyclical,Specialty Retail,NYQ,1.11
VMEO,Technology,Software - Application,NMS,1.11
COMM,Technology,Communication Equipment,NMS,1.1
KRO,Basic Materials,Specialty Chemicals,NYQ,1.1
FVRR,Communication Services,Internet Content & Information,NYQ,1.1
PRSU,Industrials,Specialty Business Services,NYQ,1.1
PTA,Financial Services,Asset Management,NYQ,1.1
OMI,Healthcare,Medical Distribution,NYQ,1.1
UTZ,Consumer Defensive,Packaged Foods,NYQ,1.1
GOGO,Communication Services,Telecom Services,NMS,1.1
RC,Real Estate,REIT - Mortgage,NYQ,1.09
UDMY,Consumer Defensive,Education & Training Services,NMS,1.09
FNA,Healthcare,Medical Devices,NYQ,1.09
AMTD,Financial Services,Asset Management,NYQ,1.09
BRKL,Financial Services,Banks - Regional,NMS,1.09
UP,Industrials,Airports & Air Services,NYQ,1.09
HROW,Healthcare,Drug Manufacturers - Specialty & Generic,NGM,1.09
PDM,Real Estate,REIT - Office,NYQ,1.08
PENG,Technology,Information Technology Services,NMS,1.08
AMSC,Industrials,Specialty Industrial Machinery,NMS,1.08
REPL,Healthcare,Biotechnology,NMS,1.08
EH,Industrials,Aerospace & Defense,NGM,1.08
INOD,Technology,Information Technology Services,NGM,1.08
PDFS,Technology,Software - Application,NMS,1.08
COHU,Technology,Semiconductor Equipment & Materials,NMS,1.07
BBDC,Financial Services,Asset Management,NYQ,1.07
BLMN,Consumer Cyclical,Restaurants,NMS,1.07
ELVN,Healthcare,Biotechnology,NMS,1.07
CSWC,Financial Services,Asset Management,NMS,1.07
AMAL,Financial Services,Banks - Regional,NGM,1.07
BBAI,Technology,Information Technology Services,NYQ,1.07
HEPS,Consumer Cyclical,Internet Retail,NMS,1.07
AMN,Healthcare,Medical Care Facilities,NYQ,1.07
LQDT,Consumer Cyclical,Internet Retail,NMS,1.07
MFA,Real Estate,REIT - Mortgage,NYQ,1.07
KFRC,Industrials,Staffing & Employment Services,NYQ,1.06
XRX,Technology,Information Technology Services,NMS,1.06
SKE,Basic Materials,Other Industrial Metals & Mining,NYQ,1.06
CSR,Real Estate,REIT - Residential,NYQ,1.06
EXK,Basic Materials,Other Precious Metals & Mining,NYQ,1.06
ENFN,Technology,Software - Application,NYQ,1.06
COGT,Healthcare,Biotechnology,NMS,1.06
TIXT,Technology,Software - Infrastructure,NYQ,1.06
BOW,Financial Services,Insurance - Property & Casualty,NYQ,1.06
NTLA,Healthcare,Biotechnology,NGM,1.05
CMCO,Industrials,Farm & Heavy Construction Machinery,NMS,1.05
REAL,Consumer Cyclical,Luxury Goods,NMS,1.05
NG,Basic Materials,Gold,ASE,1.05
COLL,Healthcare,Drug Manufacturers - Specialty & Generic,NMS,1.05
NRDS,Communication Services,Internet Content & Information,NGM,1.05
INVX,Energy,Oil & Gas Equipment & Services,NYQ,1.05
ARR,Real Estate,REIT - Mortgage,NYQ,1.05
GETY,Communication Services,Internet Content & Information,NYQ,1.05
OCFC,Financial Services,Banks - Regional,NMS,1.05
EVGO,Consumer Cyclical,Specialty Retail,NMS,1.04
UUUU,Energy,Uranium,ASE,1.04
EMBC,Healthcare,Medical Instruments & Supplies,NMS,1.04
FBRT,Real Estate,REIT - Mortgage,NYQ,1.04
PLAY,Communication Services,Entertainment,NMS,1.04
SDA,Consumer Cyclical,Auto & Truck Dealerships,NCM,1.04
LMB,Industrials,Building Products & Equipment,NCM,1.04
RNP,Financial Services,Asset Management,NYQ,1.04
TV,Communication Services,Telecom Services,NYQ,1.03
SSTK,Communication Services,Internet Content & Information,NYQ,1.03
DLX,Industrials,Conglomerates,NYQ,1.03
LPG,Energy,Oil & Gas Midstream,NYQ,1.03
BELFB,Technology,Electronic Components,NMS,1.03
OLPX,Consumer Cyclical,Specialty Retail,NMS,1.03
NX,Industrials,Building Products & Equipment,NYQ,1.03
OPK,Healthcare,Diagnostics & Research,NMS,1.02
GRAL,Healthcare,Diagnostics & Research,NMS,1.02
BFC,Financial Services,Banks - Regional,NCM,1.02
JKS,Technology,Solar,NYQ,1.02
OPEN,Real Estate,Real Estate Services,NMS,1.02
PRLB,Industrials,Metal Fabrication,NYQ,1.02
REAX,Real Estate,Real Estate Services,NCM,1.02
BBN,Financial Services,Asset Management,NYQ,1.02
MUC,Financial Services,Asset Management,NYQ,1.02
ZYME,Healthcare,Biotechnology,NMS,1.01
VLRS,Industrials,Airlines,NYQ,1.01
CECO,Industrials,Pollution & Treatment Controls,NMS,1.01
DCO,Industrials,Aerospace & Defense,NYQ,1.01
GRC,Industrials,Specialty Industrial Machinery,NYQ,1.01
BTZ,Financial Services,Asset Management,NYQ,1.01
NGVC,Consumer Defensive,Grocery Stores,NYQ,1
KIND,Communication Services,Internet Content & Information,NYQ,1
CRF,Financial Services,Asset Management,ASE,1
TMP,Financial Services,Banks - Regional,ASE,1
PFC,Financial Services,Banks - Regional,NMS,1
TRS,Consumer Cyclical,Packaging & Containers,NMS,0.99
HSTM,Healthcare,Health Information Services,NMS,0.99
NEP,Utilities,Utilities - Renewable,NYQ,0.99
BLND,Technology,Software - Application,NYQ,0.99
GYRE,Healthcare,Biotechnology,NCM,0.99
AHH,Real Estate,REIT - Diversified,NYQ,0.99
RDFN,Real Estate,Real Estate Services,NMS,0.99
AGRO,Consumer Defensive,Farm Products,NYQ,0.98
AVBP,Healthcare,Biotechnology,NGM,0.98
SCSC,Technology,Electronics & Computer Distribution,NMS,0.98
AMTB,Financial Services,Banks - Regional,NYQ,0.98
ALX,Real Estate,REIT - Retail,NYQ,0.98
ML,Technology,Software - Application,NYQ,0.98
TLRY,Healthcare,Drug Manufacturers - Specialty & Generic,NMS,0.98
FPH,Real Estate,Real Estate - Development,NYQ,0.98
SBGI,Communication Services,Broadcasting,NMS,0.97
PSIX,Industrials,Specialty Industrial Machinery,NCM,0.97
CNOB,Financial Services,Banks - Regional,NMS,0.97
ESTA,Healthcare,Medical Devices,NCM,0.97
FIGS,Consumer Cyclical,Apparel Manufacturing,NYQ,0.97
BELFA,Technology,Electronic Components,NMS,0.97
ACEL,Consumer Cyclical,Gambling,NYQ,0.97
CTBI,Financial Services,Banks - Regional,NMS,0.97
BRDG,Financial Services,Asset Management,NYQ,0.97
SBR,Energy,Oil & Gas Midstream,NYQ,0.97
KRUS,Consumer Cyclical,Restaurants,NGM,0.97
VTOL,Energy,Oil & Gas Equipment & Services,NYQ,0.96
PHVS,Healthcare,Biotechnology,NMS,0.96
OCS,Healthcare,Biotechnology,NGM,0.96
ASPN,Industrials,Building Products & Equipment,NYQ,0.96
CRSR,Technology,Computer Hardware,NMS,0.96
BHRB,Financial Services,Banks - Regional,NCM,0.96
PUMP,Energy,Oil & Gas Equipment & Services,NYQ,0.95
BDN,Real Estate,REIT - Office,NYQ,0.95
WOLF,Technology,Semiconductors,NYQ,0.95
TRIN,Financial Services,Asset Management,NMS,0.95
HSII,Industrials,Staffing & Employment Services,NMS,0.95
AMSF,Financial Services,Insurance - Specialty,NMS,0.95
SBSI,Financial Services,Banks - Regional,NYQ,0.95
TH,Industrials,Specialty Business Services,NCM,0.95
HQH,Financial Services,Asset Management,NYQ,0.95
CGBD,Financial Services,Asset Management,NMS,0.94
HY,Industrials,Farm & Heavy Construction Machinery,NYQ,0.94
ETW,Financial Services,Asset Management,NYQ,0.94
AWF,Financial Services,Asset Management,NYQ,0.94
WOOF,Consumer Cyclical,Specialty Retail,NMS,0.94
TSAT,Technology,Communication Equipment,NMS,0.94
GIC,Industrials,Industrial Distribution,NYQ,0.94
PARR,Energy,Oil & Gas Refining & Marketing,NYQ,0.94
CBL,Real Estate,REIT - Retail,NYQ,0.94
THR,Industrials,Specialty Industrial Machinery,NYQ,0.93
PFLT,Financial Services,Asset Management,NYQ,0.93
FWRD,Industrials,Integrated Freight & Logistics,NMS,0.93
DAO,Consumer Defensive,Education & Training Services,NYQ,0.93
CINT,Technology,Software - Infrastructure,NYQ,0.93
RDWR,Technology,Software - Infrastructure,NMS,0.93
ICHR,Technology,Semiconductor Equipment & Materials,NMS,0.93
BASE,Technology,Software - Infrastructure,NMS,0.93
AAMI,Financial Services,Asset Management,NYQ,0.93
ECC,Financial Services,Asset Management,NYQ,0.93
MSC,Consumer Cyclical,Resorts & Casinos,NYQ,0.93
AVAH,Healthcare,Medical Care Facilities,NMS,0.93
BKD,Healthcare,Medical Care Facilities,NYQ,0.92
NRK,Financial Services,Asset Management,NYQ,0.92
SLRC,Financial Services,Asset Management,NMS,0.92
ANGI,Communication Services,Internet Content & Information,NMS,0.92
AOD,Financial Services,Asset Management,NYQ,0.92
EEX,Communication Services,Advertising Agencies,NYQ,0.91
FMBH,Financial Services,Banks - Regional,NGM,0.91
PNTG,Healthcare,Medical Care Facilities,NMS,0.91
ASTL,Basic Materials,Steel,NGM,0.91
NESR,Energy,Oil & Gas Equipment & Services,NCM,0.9
EMO,Financial Services,Asset Management,NYQ,0.9
ECVT,Basic Materials,Specialty Chemicals,NYQ,0.9
HTLD,Industrials,Trucking,NMS,0.9
BXC,Industrials,Industrial Distribution,NYQ,0.9
EYE,Consumer Cyclical,Specialty Retail,NMS,0.9
GDEN,Consumer Cyclical,Resorts & Casinos,NGM,0.9
MSEX,Utilities,Utilities - Regulated Water,NMS,0.9
SNCY,Industrials,Airlines,NMS,0.9
SEAT,Communication Services,Internet Content & Information,NMS,0.89
BGM,Healthcare,Drug Manufacturers - Specialty & Generic,NCM,0.89
CAPL,Energy,Oil & Gas Refining & Marketing,NYQ,0.89
EOLS,Healthcare,Drug Manufacturers - Specialty & Generic,NGM,0.88
UVSP,Financial Services,Banks - Regional,NMS,0.88
BCYC,Healthcare,Biotechnology,NMS,0.88
ATLC,Financial Services,Credit Services,NMS,0.88
MUI,Financial Services,Asset Management,NYQ,0.88
PAHC,Healthcare,Drug Manufacturers - Specialty & Generic,NGM,0.88
UTL,Utilities,Utilities - Diversified,NYQ,0.87
RWT,Real Estate,REIT - Mortgage,NYQ,0.87
THQ,Financial Services,Asset Management,NYQ,0.87
HFWA,Financial Services,Banks - Regional,NMS,0.87
PTLO,Consumer Cyclical,Restaurants,NMS,0.87
PRAA,Financial Services,Credit Services,NMS,0.87
GCT,Technology,Software - Infrastructure,NGM,0.87
ADV,Communication Services,Advertising Agencies,NMS,0.87
MATW,Industrials,Conglomerates,NMS,0.87
OPT,Healthcare,Biotechnology,NMS,0.87
CII,Financial Services,Asset Management,NYQ,0.87
WLKP,Basic Materials,Chemicals,NYQ,0.86
STKL,Consumer Defensive,Beverages - Non-Alcoholic,NMS,0.86
BORR,Energy,Oil & Gas Drilling,NYQ,0.86
UAN,Basic Materials,Agricultural Inputs,NYQ,0.86
CHI,Financial Services,Asset Management,NGM,0.86
CHY,Financial Services,Asset Management,NGM,0.86
EOI,Financial Services,Asset Management,NYQ,0.86
SERV,Industrials,Specialty Industrial Machinery,NCM,0.85
MQY,Financial Services,Asset Management,NYQ,0.85
MTAL,Basic Materials,Copper,NYQ,0.85
BFLY,Healthcare,Medical Devices,NYQ,0.85
HCKT,Technology,Information Technology Services,NMS,0.85
CVAC,Healthcare,Biotechnology,NGM,0.85
MRNO,Real Estate,Real Estate - Development,NCM,0.85
AVO,Consumer Defensive,Food Distribution,NMS,0.85
YEXT,Technology,Software - Infrastructure,NYQ,0.84
RSKD,Technology,Software - Application,NYQ,0.84
ADTN,Technology,Communication Equipment,NMS,0.84
ASIX,Basic Materials,Chemicals,NYQ,0.84
OSBC,Financial Services,Banks - Regional,NMS,0.84
CRESY,Industrials,Conglomerates,NMS,0.84
ERII,Industrials,Pollution & Treatment Controls,NMS,0.84
JBSS,Consumer Defensive,Packaged Foods,NMS,0.84
SWIM,Industrials,Building Products & Equipment,NMS,0.84
QURE,Healthcare,Biotechnology,NMS,0.84
DEC,Energy,Oil & Gas E&P,NYQ,0.83
NEXA,Basic Materials,Other Industrial Metals & Mining,NYQ,0.83
PPTA,Basic Materials,Other Precious Metals & Mining,NCM,0.83
FUFU,Financial Services,Capital Markets,NCM,0.83
IIIV,Technology,Software - Infrastructure,NMS,0.83
NBN,Financial Services,Banks - Regional,NGM,0.83
BJRI,Consumer Cyclical,Restaurants,NMS,0.83
ADSE,Industrials,Electrical Equipment & Parts,NCM,0.83
ARKO,Consumer Cyclical,Specialty Retail,NCM,0.83
CBLL,Healthcare,Medical Devices,NMS,0.82
NBBK,Financial Services,Banks - Regional,NCM,0.82
AIOT,Technology,Software - Infrastructure,NGM,0.81
DMRC,Technology,Information Technology Services,NMS,0.81
OEC,Basic Materials,Specialty Chemicals,NYQ,0.81
SKYH,Industrials,Aerospace & Defense,NYQ,0.81
XPOF,Consumer Cyclical,Leisure,NYQ,0.81
PDS,Energy,Oil & Gas Drilling,NYQ,0.81
HCSG,Healthcare,Medical Care Facilities,NMS,0.81
ETWO,Technology,Software - Application,NYQ,0.81
GRNT,Energy,Oil & Gas E&P,NYQ,0.81
ASTE,Industrials,Farm & Heavy Construction Machinery,NMS,0.81
UXIN,Consumer Cyclical,Auto & Truck Dealerships,NMS,0.81
CPF,Financial Services,Banks - Regional,NYQ,0.81
WRLD,Financial Services,Credit Services,NMS,0.81
HTD,Financial Services,Asset Management,NYQ,0.8
BFST,Financial Services,Banks - Regional,NMS,0.8
CDMO,Healthcare,Biotechnology,NCM,0.8
CLB,Energy,Oil & Gas Equipment & Services,NYQ,0.8
CFB,Financial Services,Banks - Regional,NMS,0.8
AXGN,Healthcare,Medical Devices,NCM,0.8
DNA,Healthcare,Biotechnology,NYQ,0.8
FIP,Industrials,Conglomerates,NMS,0.8
SHLS,Technology,Solar,NGM,0.8
TECX,Healthcare,Biotechnology,NGM,0.8
NTGR,Technology,Communication Equipment,NMS,0.8
VTS,Energy,Oil & Gas E&P,NYQ,0.79
AVXL,Healthcare,Biotechnology,NMS,0.79
AVNS,Healthcare,Medical Devices,NYQ,0.79
NOAH,Financial Services,Asset Management,NYQ,0.79
HOV,Consumer Cyclical,Residential Construction,NYQ,0.79
MBWM,Financial Services,Banks - Regional,NMS,0.79
SITC,Real Estate,REIT - Retail,NYQ,0.79
HUYA,Communication Services,Entertainment,NYQ,0.79
CSTL,Healthcare,Diagnostics & Research,NGM,0.79
EGBN,Financial Services,Banks - Regional,NCM,0.79
ETD,Consumer Cyclical,"Furnishings, Fixtures & Appliances",NYQ,0.79
PCN,Financial Services,Asset Management,NYQ,0.79
FCBC,Financial Services,Banks - Regional,NMS,0.79
MGPI,Consumer Defensive,Beverages - Wineries & Distilleries,NMS,0.79
SXC,Basic Materials,Coking Coal,NYQ,0.79
TCPC,Financial Services,Asset Management,NMS,0.79
MCBS,Financial Services,Banks - Regional,NMS,0.78
ECO,Industrials,Marine Shipping,NYQ,0.78
HBT,Financial Services,Banks - Regional,NMS,0.78
MLR,Consumer Cyclical,Auto Parts,NYQ,0.78
PRTH,Technology,Software - Infrastructure,NCM,0.78
NUVB,Healthcare,Biotechnology,NYQ,0.78
INDI,Technology,Semiconductor Equipment & Materials,NCM,0.78
GHLD,Financial Services,Mortgage Finance,NYQ,0.78
PHK,Financial Services,Asset Management,NYQ,0.78
ACP,Financial Services,Asset Management,NYQ,0.77
PLYM,Real Estate,REIT - Industrial,NYQ,0.77
PRTA,Healthcare,Biotechnology,NMS,0.77
FFC,Financial Services,Asset Management,NYQ,0.77
FDUS,Financial Services,Asset Management,NMS,0.77
CFFN,Financial Services,Banks - Regional,NMS,0.77
CAC,Financial Services,Banks - Regional,NMS,0.77
GSL,Industrials,Rental & Leasing Services,NYQ,0.77
DAKT,Technology,Electronic Components,NMS,0.77
NVRI,Industrials,Waste Management,NYQ,0.77
SPLP,Industrials,Conglomerates,NYQ,0.77
PRA,Financial Services,Insurance - Property & Casualty,NYQ,0.77
IBCP,Financial Services,Banks - Regional,NMS,0.76
ORIC,Healthcare,Biotechnology,NMS,0.76
MBUU,Consumer Cyclical,Recreational Vehicles,NGM,0.76
IRMD,Healthcare,Medical Devices,NGM,0.76
SEDG,Technology,Solar,NMS,0.76
JQC,Financial Services,Asset Management,NYQ,0.76
IPX,Basic Materials,Other Industrial Metals & Mining,NCM,0.76
MYTE,Consumer Cyclical,Luxury Goods,NYQ,0.76
TXO,Energy,Oil & Gas E&P,NYQ,0.76
FNKO,Consumer Cyclical,Leisure,NMS,0.76
AVDL,Healthcare,Drug Manufacturers - Specialty & Generic,NGM,0.76
SCWX,Technology,Software - Infrastructure,NMS,0.76
EQBK,Financial Services,Banks - Regional,NYQ,0.76
CEVA,Technology,Semiconductors,NMS,0.76
JELD,Industrials,Building Products & Equipment,NYQ,0.75
MLAB,Technology,Scientific & Technical Instruments,NMS,0.75
ESQ,Financial Services,Banks - Regional,NCM,0.75
THRY,Communication Services,Internet Content & Information,NCM,0.75
RLAY,Healthcare,Biotechnology,NGM,0.75
MAX,Communication Services,Internet Content & Information,NYQ,0.75
SEPN,Healthcare,Biotechnology,NGM,0.75
GLDD,Industrials,Engineering & Construction,NMS,0.75
TIPT,Financial Services,Insurance - Specialty,NCM,0.74
MYI,Financial Services,Asset Management,NYQ,0.74
HBNC,Financial Services,Banks - Regional,NMS,0.74
SCVL,Consumer Cyclical,Apparel Retail,NMS,0.74
DDL,Consumer Defensive,Grocery Stores,NYQ,0.74
CURV,Consumer Cyclical,Apparel Retail,NYQ,0.74
SLQT,Financial Services,Insurance Brokers,NYQ,0.74
CLNE,Energy,Oil & Gas Refining & Marketing,NMS,0.74
BALY,Consumer Cyclical,Resorts & Casinos,NYQ,0.74
BTO,Financial Services,Asset Management,NYQ,0.74
PLPC,Industrials,Electrical Equipment & Parts,NMS,0.74
JACK,Consumer Cyclical,Restaurants,NMS,0.74
RA,Financial Services,Asset Management,NYQ,0.74
HAFC,Financial Services,Banks - Regional,NMS,0.73
GSM,Basic Materials,Other Industrial Metals & Mining,NCM,0.73
REX,Basic Materials,Chemicals,NYQ,0.73
TYRA,Healthcare,Biotechnology,NMS,0.73
OSPN,Technology,Software - Infrastructure,NCM,0.73
CVLG,Industrials,Trucking,NYQ,0.73
IGR,Financial Services,Asset Management,NYQ,0.73
NXP,Financial Services,Asset Management,NYQ,0.73
INN,Real Estate,REIT - Hotel & Motel,NYQ,0.73
CRON,Healthcare,Drug Manufacturers - Specialty & Generic,NGM,0.73
BRSP,Real Estate,REIT - Mortgage,NYQ,0.73
CCAP,Financial Services,Asset Management,NGM,0.73
BITF,Financial Services,Capital Markets,NGM,0.72
MCB,Financial Services,Banks - Regional,NYQ,0.72
BCX,Financial Services,Asset Management,NYQ,0.72
BH,Consumer Cyclical,Restaurants,NYQ,0.72
GOOD,Real Estate,REIT - Diversified,NMS,0.72
IMOS,Technology,Semiconductors,NMS,0.72
SANA,Healthcare,Biotechnology,NMS,0.72
LPRO,Financial Services,Credit Services,NGM,0.72
RBBN,Communication Services,Telecom Services,NMS,0.72
TRNS,Industrials,Industrial Distribution,NGM,0.72
NGL,Energy,Oil & Gas Midstream,NYQ,0.72
PUBM,Technology,Software - Application,NGM,0.72
MEG,Industrials,Waste Management,NYQ,0.72
OPY,Financial Services,Capital Markets,NYQ,0.71
EVER,Communication Services,Internet Content & Information,NGM,0.71
PAXS,Financial Services,Asset Management,NYQ,0.71
SIBN,Healthcare,Medical Devices,NGM,0.71
ORC,Real Estate,REIT - Mortgage,NYQ,0.71
RYI,Industrials,Metal Fabrication,NYQ,0.71
REPX,Energy,Oil & Gas E&P,ASE,0.71
IE,Basic Materials,Copper,ASE,0.71
RCAT,Technology,Computer Hardware,NCM,0.7
LENZ,Healthcare,Biotechnology,NMS,0.7
ORRF,Financial Services,Banks - Regional,NCM,0.7
BVS,Healthcare,Medical Devices,NMS,0.7
RPAY,Technology,Software - Infrastructure,NCM,0.7
OFIX,Healthcare,Medical Devices,NMS,0.7
CAPR,Healthcare,Biotechnology,NCM,0.69
IMNM,Healthcare,Biotechnology,NCM,0.69
BZH,Consumer Cyclical,Residential Construction,NYQ,0.69
KREF,Real Estate,REIT - Mortgage,NYQ,0.69
SLP,Healthcare,Health Information Services,NMS,0.69
HZO,Consumer Cyclical,Specialty Retail,NYQ,0.69
WSR,Real Estate,REIT - Retail,NYQ,0.69
NIE,Financial Services,Asset Management,NYQ,0.69
GSBC,Financial Services,Banks - Regional,NMS,0.69
CRML,Basic Materials,Other Industrial Metals & Mining,NGM,0.69
BCAX,Healthcare,Biotechnology,NGM,0.69
LIND,Consumer Cyclical,Travel Services,NCM,0.69
GCI,Communication Services,Publishing,NYQ,0.68
NPK,Industrials,Aerospace & Defense,NYQ,0.68
ODP,Consumer Cyclical,Specialty Retail,NMS,0.68
CSIQ,Technology,Solar,NMS,0.68
SVM,Basic Materials,Silver,ASE,0.68
HIPO,Financial Services,Insurance - Property & Casualty,NYQ,0.68
TRTX,Real Estate,REIT - Mortgage,NYQ,0.68
PGY,Technology,Software - Infrastructure,NCM,0.68
CCO,Communication Services,Advertising Agencies,NYQ,0.67
SMP,Consumer Cyclical,Auto Parts,NYQ,0.67
WNC,Industrials,Farm & Heavy Construction Machinery,NYQ,0.67
SMBC,Financial Services,Banks - Regional,NGM,0.67
ZIP,Industrials,Staffing & Employment Services,NYQ,0.67
CGNT,Technology,Software - Infrastructure,NMS,0.67
DNTH,Healthcare,Biotechnology,NCM,0.66
ITRN,Technology,Scientific & Technical Instruments,NMS,0.66
VINP,Financial Services,Asset Management,NMS,0.66
PFN,Financial Services,Asset Management,NYQ,0.66
BOE,Financial Services,Asset Management,NYQ,0.66
GES,Consumer Cyclical,Apparel Retail,NYQ,0.66
IMTX,Healthcare,Biotechnology,NCM,0.66
LAC,Basic Materials,Other Industrial Metals & Mining,NYQ,0.66
CTKB,Healthcare,Medical Devices,NMS,0.66
WEST,Consumer Defensive,Packaged Foods,NGM,0.66
CCD,Financial Services,Asset Management,NGM,0.66
VMO,Financial Services,Asset Management,NYQ,0.66
SSYS,Technology,Computer Hardware,NMS,0.66
GLAD,Financial Services,Asset Management,NMS,0.66
MOFG,Financial Services,Banks - Regional,NMS,0.66
AMRK,Financial Services,Capital Markets,NMS,0.65
EZPW,Financial Services,Credit Services,NMS,0.65
PLRX,Healthcare,Biotechnology,NMS,0.65
FSBC,Financial Services,Banks - Regional,NMS,0.65
SENS,Healthcare,Medical Devices,ASE,0.65
NPWR,Industrials,Specialty Industrial Machinery,NYQ,0.65
HNST,Consumer Defensive,Household & Personal Products,NMS,0.65
ARMN,Basic Materials,Gold,ASE,0.65
HTBI,Financial Services,Banks - Regional,NMS,0.64
CNDT,Technology,Information Technology Services,NMS,0.64
CGEM,Healthcare,Biotechnology,NMS,0.64
MCS,Communication Services,Entertainment,NYQ,0.64
FAX,Financial Services,Asset Management,ASE,0.64
CCBG,Financial Services,Banks - Regional,NMS,0.64
NEXN,Communication Services,Advertising Agencies,NGM,0.64
VERV,Healthcare,Biotechnology,NMS,0.64
LVWR,Consumer Cyclical,Auto Manufacturers,NYQ,0.64
CAN,Technology,Computer Hardware,NGM,0.64
AMPS,Utilities,Utilities - Renewable,NYQ,0.64
MGIC,Technology,Information Technology Services,NMS,0.64
MHD,Financial Services,Asset Management,NYQ,0.63
LYTS,Technology,Electronic Components,NMS,0.63
YALA,Technology,Software - Application,NYQ,0.63
TMCI,Healthcare,Medical Devices,NMS,0.63
KRT,Consumer Cyclical,Packaging & Containers,NMS,0.63
ABUS,Healthcare,Biotechnology,NMS,0.63
WASH,Financial Services,Banks - Regional,NMS,0.63
NCMI,Communication Services,Advertising Agencies,NMS,0.63
AUNA,Healthcare,Medical Care Facilities,NYQ,0.63
UFCS,Financial Services,Insurance - Property & Casualty,NMS,0.63
TK,Energy,Oil & Gas Midstream,NYQ,0.63
MTUS,Basic Materials,Steel,NYQ,0.63
PDT,Financial Services,Asset Management,NYQ,0.63
EVLV,Industrials,Security & Protection Services,NCM,0.63
SPTN,Consumer Defensive,Food Distribution,NMS,0.62
CRMD,Healthcare,Biotechnology,NGM,0.62
GNK,Industrials,Marine Shipping,NYQ,0.62
CSV,Consumer Cyclical,Personal Services,NYQ,0.62
KURA,Healthcare,Biotechnology,NMS,0.62
STRW,Real Estate,REIT - Healthcare Facilities,ASE,0.62
ETJ,Financial Services,Asset Management,NYQ,0.62
GGN,Financial Services,Asset Management,ASE,0.62
ATRO,Industrials,Aerospace & Defense,NMS,0.62
CAL,Consumer Cyclical,Apparel Retail,NYQ,0.62
LEGH,Consumer Cyclical,Residential Construction,NMS,0.62
CION,Financial Services,Asset Management,NYQ,0.62
VVR,Financial Services,Asset Management,NYQ,0.62
USNA,Consumer Defensive,Packaged Foods,NYQ,0.62
PHAR,Healthcare,Biotechnology,NGM,0.61
CTLP,Technology,Information Technology Services,NMS,0.61
VEL,Financial Services,Mortgage Finance,NYQ,0.61
TRST,Financial Services,Banks - Regional,NMS,0.61
EU,Energy,Uranium,NCM,0.61
ODC,Basic Materials,Specialty Chemicals,NYQ,0.61
AXL,Consumer Cyclical,Auto Parts,NYQ,0.61
BYRN,Industrials,Aerospace & Defense,NCM,0.61
EBS,Healthcare,Drug Manufacturers - Specialty & Generic,NYQ,0.61
STOK,Healthcare,Biotechnology,NMS,0.61
IFN,Financial Services,Asset Management,NYQ,0.61
MNTK,Utilities,Utilities - Diversified,NCM,0.61
MUJ,Financial Services,Asset Management,NYQ,0.61
PACK,Consumer Cyclical,Packaging & Containers,NYQ,0.61
INV,Financial Services,Asset Management,NGM,0.61
FARO,Technology,Scientific & Technical Instruments,NMS,0.6
NMCO,Financial Services,Asset Management,NYQ,0.6
SMBK,Financial Services,Banks - Regional,NYQ,0.6
NKX,Financial Services,Asset Management,NYQ,0.6
RGR,Industrials,Aerospace & Defense,NYQ,0.6
TREE,Financial Services,Financial Conglomerates,NMS,0.6
NPKI,Energy,Oil & Gas Equipment & Services,NYQ,0.6
RAPP,Healthcare,Biotechnology,NGM,0.6
DHC,Real Estate,REIT - Healthcare Facilities,NMS,0.6
KOP,Basic Materials,Specialty Chemicals,NYQ,0.6
PLOW,Consumer Cyclical,Auto Parts,NYQ,0.6
LXU,Basic Materials,Chemicals,NYQ,0.6
CLMB,Technology,Electronics & Computer Distribution,NGM,0.6
ACIC,Financial Services,Insurance - Property & Casualty,NCM,0.6
SFIX,Consumer Cyclical,Apparel Retail,NMS,0.6
RXT,Technology,Software - Infrastructure,NMS,0.6
VHI,Basic Materials,Chemicals,NYQ,0.59
AUTL,Healthcare,Biotechnology,NMS,0.59
MNRO,Consumer Cyclical,Auto Parts,NMS,0.59
SPFI,Financial Services,Banks - Regional,NMS,0.59
HTBK,Financial Services,Banks - Regional,NMS,0.59
HUMA,Healthcare,Biotechnology,NMS,0.59
SHEN,Communication Services,Telecom Services,NMS,0.59
CCRN,Healthcare,Medical Care Facilities,NMS,0.59
CTO,Real Estate,REIT - Diversified,NYQ,0.59
KODK,Industrials,Specialty Business Services,NYQ,0.59
VZLA,Basic Materials,Other Industrial Metals & Mining,ASE,0.59
RERE,Consumer Cyclical,Internet Retail,NYQ,0.59
IMXI,Technology,Software - Infrastructure,NCM,0.59
UPB,Healthcare,Biotechnology,NMS,0.58
EIM,Financial Services,Asset Management,ASE,0.58
MPB,Financial Services,Banks - Regional,NGM,0.58
DCTH,Healthcare,Medical Devices,NCM,0.58
FRPH,Real Estate,Real Estate Services,NMS,0.58
GPRE,Basic Materials,Chemicals,NMS,0.58
FPI,Real Estate,REIT - Specialty,NYQ,0.58
LAB,Healthcare,Medical Devices,NMS,0.58
EMD,Financial Services,Asset Management,NYQ,0.58
CRNC,Technology,Software - Application,NMS,0.58
ZKH,Consumer Cyclical,Internet Retail,NYQ,0.58
KIDS,Healthcare,Medical Devices,NGM,0.58
NVTS,Technology,Semiconductors,NGM,0.57
BHK,Financial Services,Asset Management,NYQ,0.57
LVRO,Basic Materials,Agricultural Inputs,NGM,0.57
TGB,Basic Materials,Copper,ASE,0.57
THFF,Financial Services,Banks - Regional,NMS,0.57
BBW,Consumer Cyclical,Specialty Retail,NYQ,0.57
DH,Healthcare,Health Information Services,NMS,0.57
VREX,Healthcare,Medical Devices,NMS,0.57
BIT,Financial Services,Asset Management,NYQ,0.57
GOTU,Consumer Defensive,Education & Training Services,NYQ,0.57
MMU,Financial Services,Asset Management,NYQ,0.57
IIM,Financial Services,Asset Management,NYQ,0.57
DIAX,Financial Services,Asset Management,NYQ,0.57
BGB,Financial Services,Asset Management,NYQ,0.56
CASS,Industrials,Specialty Business Services,NMS,0.56
CHCT,Real Estate,REIT - Healthcare Facilities,NYQ,0.56
PML,Financial Services,Asset Management,NYQ,0.56
IIIN,Industrials,Metal Fabrication,NYQ,0.56
TWI,Industrials,Farm & Heavy Construction Machinery,NYQ,0.56
NAT,Energy,Oil & Gas Midstream,NYQ,0.56
HIFS,Financial Services,Banks - Regional,NGM,0.56
DJCO,Technology,Software - Application,NCM,0.56
ACCD,Healthcare,Health Information Services,NMS,0.56
PGC,Financial Services,Banks - Regional,NMS,0.56
CCSI,Technology,Software - Infrastructure,NMS,0.55
UVE,Financial Services,Insurance - Property & Casualty,NYQ,0.55
FLX,Industrials,Integrated Freight & Logistics,NMS,0.55
OLP,Real Estate,REIT - Diversified,NYQ,0.55
ECX,Consumer Cyclical,Auto Parts,NGM,0.55
NBR,Energy,Oil & Gas Drilling,NYQ,0.55
AMBC,Financial Services,Insurance - Specialty,NYQ,0.55
ALTI,Financial Services,Asset Management,NCM,0.55
SCHL,Communication Services,Publishing,NMS,0.55
ANAB,Healthcare,Biotechnology,NMS,0.55
NYMT,Real Estate,REIT - Mortgage,NMS,0.55
GHRS,Healthcare,Biotechnology,NGM,0.55
GMRE,Real Estate,REIT - Healthcare Facilities,NYQ,0.55
VKQ,Financial Services,Asset Management,NYQ,0.55
VGM,Financial Services,Asset Management,NYQ,0.55
PEO,Financial Services,Asset Management,NYQ,0.55
STK,Financial Services,Asset Management,NYQ,0.55
LDI,Financial Services,Mortgage Finance,NYQ,0.55
HLF,Consumer Defensive,Packaged Foods,NYQ,0.55
TTI,Energy,Oil & Gas Equipment & Services,NYQ,0.55
SHBI,Financial Services,Banks - Regional,NMS,0.54
LASR,Technology,Semiconductors,NMS,0.54
BME,Financial Services,Asset Management,NYQ,0.54
CLW,Basic Materials,Paper & Paper Products,NYQ,0.54
RSVR,Communication Services,Entertainment,NGM,0.54
UHT,Real Estate,REIT - Healthcare Facilities,NYQ,0.54
EBF,Industrials,Business Equipment & Supplies,NYQ,0.54
AVK,Financial Services,Asset Management,NYQ,0.54
ATEX,Communication Services,Telecom Services,NCM,0.54
ALRS,Financial Services,Banks - Regional,NCM,0.54
QD,Financial Services,Credit Services,NYQ,0.53
OPAL,Utilities,Utilities - Regulated Gas,NCM,0.53
ERAS,Healthcare,Biotechnology,NMS,0.53
BGY,Financial Services,Asset Management,NYQ,0.53
BUI,Financial Services,Asset Management,NYQ,0.53
WIW,Financial Services,Asset Management,NYQ,0.53
GHY,Financial Services,Asset Management,NYQ,0.53
XERS,Healthcare,Biotechnology,NMS,0.53
TEN,Energy,Oil & Gas Midstream,NYQ,0.53
TMC,Basic Materials,Other Industrial Metals & Mining,NMS,0.53
RYAM,Basic Materials,Chemicals,NYQ,0.53
BCAL,Financial Services,Banks - Regional,NCM,0.53
SLSR,Basic Materials,Other Precious Metals & Mining,ASE,0.53
CCNE,Financial Services,Banks - Regional,NMS,0.53
EBTC,Financial Services,Banks - Regional,NMS,0.52
RZLV,Technology,Software - Infrastructure,NGM,0.52
TALK,Healthcare,Health Information Services,NCM,0.52
FMNB,Financial Services,Banks - Regional,NCM,0.52
IQI,Financial Services,Asset Management,NYQ,0.52
EYPT,Healthcare,Biotechnology,NGM,0.52
MATV,Basic Materials,Specialty Chemicals,NYQ,0.52
VCV,Financial Services,Asset Management,NYQ,0.52
CLFD,Technology,Communication Equipment,NGM,0.52
NML,Financial Services,Asset Management,NYQ,0.52
OUST,Technology,Electronic Components,NMS,0.52
CBNK,Financial Services,Banks - Regional,NMS,0.52
IVR,Real Estate,REIT - Mortgage,NYQ,0.51
NNDM,Technology,Computer Hardware,NCM,0.51
BLE,Financial Services,Asset Management,NYQ,0.51
NOA,Energy,Oil & Gas Equipment & Services,NYQ,0.51
LINC,Consumer Defensive,Education & Training Services,NMS,0.51
PBT,Energy,Oil & Gas Midstream,NYQ,0.51
FLGT,Healthcare,Diagnostics & Research,NGM,0.51
BLW,Financial Services,Asset Management,NYQ,0.51
DOYU,Communication Services,Internet Content & Information,NMS,0.51
FISI,Financial Services,Banks - Regional,NMS,0.51
AHG,Healthcare,Medical Distribution,NCM,0.51
INNV,Healthcare,Medical Care Facilities,NMS,0.51
MLYS,Healthcare,Biotechnology,NMS,0.51
HKD,Technology,Software - Application,NYQ,0.51
BGS,Consumer Defensive,Packaged Foods,NYQ,0.51
PFIS,Financial Services,Banks - Regional,NMS,0.51
FLWS,Consumer Cyclical,Specialty Retail,NMS,0.51
API,Technology,Software - Application,NMS,0.51
DSU,Financial Services,Asset Management,NYQ,0.51
CANG,Consumer Cyclical,Auto & Truck Dealerships,NYQ,0.51
OMER,Healthcare,Biotechnology,NGM,0.5
TCBX,Financial Services,Banks - Regional,NMS,0.5
METC,Basic Materials,Coking Coal,NMS,0.5
SENEA,Consumer Defensive,Packaged Foods,NMS,0.5
SBC,Industrials,Consulting Services,NGM,0.5
GFR,Energy,Oil & Gas E&P,NYQ,0.5
LGTY,Technology,Software - Application,NMS,0.5
KULR,Technology,Electronic Components,ASE,0.5
NXJ,Financial Services,Asset Management,NYQ,0.5
SMLR,Healthcare,Medical Devices,NCM,0.5
TRDA,Healthcare,Biotechnology,NGM,0.5
MGTX,Healthcare,Biotechnology,NMS,0.5
CPAC,Basic Materials,Building Materials,NYQ,0.5
RMT,Financial Services,Asset Management,NYQ,0.5
RNAC,Healthcare,Biotechnology,NGM,0.5
NFBK,Financial Services,Banks - Regional,NMS,0.5
DCGO,Healthcare,Medical Care Facilities,NCM,0.5
SENEB,Consumer Defensive,Packaged Foods,NMS,0.5
METCB,Basic Materials,Coking Coal,NMS,0.5
FLYX,Industrials,Airlines,ASE,0.5
AKBA,Healthcare,Drug Manufacturers - Specialty & Generic,NCM,0.5
MNMD,Healthcare,Biotechnology,NMS,0.5
ASC,Industrials,Marine Shipping,NYQ,0.5
WLDN,Industrials,Engineering & Construction,NGM,0.5
GAIN,Financial Services,Asset Management,NMS,0.5
FC,Consumer Defensive,Education & Training Services,NYQ,0.5
ANGO,Healthcare,Medical Instruments & Supplies,NMS,0.5
VLGEA,Consumer Defensive,Grocery Stores,NMS,0.5
MXCT,Healthcare,Medical Devices,NMS,0.5
KELYB,Industrials,Staffing & Employment Services,NMS,0.5
RDVT,Technology,Software - Application,NCM,0.5
KELYA,Industrials,Staffing & Employment Services,NMS,0.5
ACCO,Industrials,Business Equipment & Supplies,NYQ,0.49
DDD,Technology,Computer Hardware,NYQ,0.49
RICK,Consumer Cyclical,Restaurants,NGM,0.49
GHM,Industrials,Specialty Industrial Machinery,NYQ,0.49
SRDX,Healthcare,Medical Devices,NMS,0.49
CLPT,Healthcare,Medical Devices,NCM,0.49
AGS,Consumer Cyclical,Gambling,NYQ,0.49
GBLI,Financial Services,Insurance - Property & Casualty,NYQ,0.49
GAMB,Consumer Cyclical,Gambling,NGM,0.49
MVST,Industrials,Electrical Equipment & Parts,NCM,0.49
SKYT,Technology,Semiconductors,NCM,0.49
YRD,Financial Services,Credit Services,NYQ,0.49
DGICA,Financial Services,Insurance - Property & Casualty,NMS,0.49
DGICB,Financial Services,Insurance - Property & Casualty,NMS,0.49
BAND,Technology,Software - Infrastructure,NMS,0.49
BHB,Financial Services,Banks - Regional,ASE,0.49
TYG,Financial Services,Asset Management,NYQ,0.49
MYD,Financial Services,Asset Management,NYQ,0.49
JMIA,Consumer Cyclical,Internet Retail,NYQ,0.49
MTLS,Technology,Software - Application,NMS,0.49
GDOT,Financial Services,Credit Services,NYQ,0.48
CMP,Basic Materials,Other Industrial Metals & Mining,NYQ,0.48
DDI,Communication Services,Electronic Gaming & Multimedia,NMS,0.48
HPS,Financial Services,Asset Management,NYQ,0.48
BIGC,Technology,Software - Application,NGM,0.48
BTBT,Financial Services,Capital Markets,NCM,0.48
NWPX,Industrials,Metal Fabrication,NMS,0.48
HONE,Financial Services,Banks - Regional,NMS,0.48
UNTY,Financial Services,Banks - Regional,NGM,0.48
GCO,Consumer Cyclical,Apparel Retail,NYQ,0.47
ALT,Healthcare,Biotechnology,NGM,0.47
GLRE,Financial Services,Insurance - Reinsurance,NMS,0.47
TKNO,Healthcare,Drug Manufacturers - Specialty & Generic,NGM,0.47
LZM,Basic Materials,Other Industrial Metals & Mining,NYQ,0.47
GPRK,Energy,Oil & Gas E&P,NYQ,0.47
CLCO,Energy,Oil & Gas Midstream,NYQ,0.47
FFIC,Financial Services,Banks - Regional,NMS,0.47
NBB,Financial Services,Asset Management,NYQ,0.47
ARCT,Healthcare,Biotechnology,NGM,0.47
VALN,Healthcare,Biotechnology,NMS,0.47
CTV,Communication Services,Advertising Agencies,NYQ,0.47
GNTY,Financial Services,Banks - Regional,NYQ,0.47
NLOP,Real Estate,REIT - Office,NYQ,0.47
ORGO,Healthcare,Drug Manufacturers - Specialty & Generic,NCM,0.47
SVC,Real Estate,REIT - Hotel & Motel,NMS,0.47
MREO,Healthcare,Biotechnology,NCM,0.47
NRIM,Financial Services,Banks - Regional,NMS,0.47
DADA,Consumer Cyclical,Internet Retail,NMS,0.47
DIN,Consumer Cyclical,Restaurants,NYQ,0.47
CMTG,Real Estate,REIT - Mortgage,NYQ,0.46
HNRG,Energy,Thermal Coal,NCM,0.46
THW,Financial Services,Asset Management,NYQ,0.46
MITK,Technology,Software - Application,NCM,0.46
KROS,Healthcare,Biotechnology,NGM,0.46
HAIN,Consumer Defensive,Packaged Foods,NMS,0.46
BOC,Industrials,Conglomerates,NYQ,0.46
PRTC,Healthcare,Biotechnology,NGM,0.46
QTRX,Healthcare,Medical Devices,NGM,0.46
ETON,Healthcare,Drug Manufacturers - Specialty & Generic,NGM,0.46
NPFD,Financial Services,Asset Management,NYQ,0.46
BKSY,Technology,Scientific & Technical Instruments,NYQ,0.46
SNDL,Consumer Defensive,Beverages - Wineries & Distilleries,NCM,0.46
URGN,Healthcare,Biotechnology,NGM,0.46
MERC,Basic Materials,Paper & Paper Products,NMS,0.46
HPI,Financial Services,Asset Management,NYQ,0.46
TBPH,Healthcare,Biotechnology,NGM,0.46
SWBI,Industrials,Aerospace & Defense,NMS,0.46
ISD,Financial Services,Asset Management,NYQ,0.46
UIS,Technology,Information Technology Services,NYQ,0.46
FRA,Financial Services,Asset Management,NYQ,0.46
SVRA,Healthcare,Biotechnology,NMS,0.46
PNNT,Financial Services,Asset Management,NYQ,0.46
AIRJ,Industrials,Building Products & Equipment,NCM,0.46
AIP,Technology,Semiconductors,NGM,0.45
ANSC,Financial Services,Shell Companies,NGM,0.45
KE,Industrials,Electrical Equipment & Parts,NMS,0.45
BBCP,Industrials,Engineering & Construction,NCM,0.45
BFK,Financial Services,Asset Management,NYQ,0.45
PACB,Healthcare,Medical Devices,NMS,0.45
MYE,Consumer Cyclical,Packaging & Containers,NYQ,0.45
ASA,Financial Services,Asset Management,NYQ,0.45
AROW,Financial Services,Banks - Regional,NMS,0.45
PRCH,Technology,Software - Application,NCM,0.45
KRNY,Financial Services,Banks - Regional,NMS,0.45
GCBC,Financial Services,Banks - Regional,NCM,0.45
OLMA,Healthcare,Biotechnology,NMS,0.45
BWMN,Industrials,Engineering & Construction,NGM,0.45
HPP,Real Estate,REIT - Office,NYQ,0.45
MFH,Financial Services,Capital Markets,NCM,0.45
VBNK,Financial Services,Banks - Regional,NMS,0.45
ETB,Financial Services,Asset Management,NYQ,0.45
CDXC,Consumer Defensive,Packaged Foods,NCM,0.45
LAAC,Basic Materials,Other Industrial Metals & Mining,NYQ,0.44
TRC,Industrials,Conglomerates,NYQ,0.44
MUX,Basic Materials,Other Precious Metals & Mining,NYQ,0.44
CLDT,Real Estate,REIT - Hotel & Motel,NYQ,0.44
CMPX,Healthcare,Biotechnology,NCM,0.44
CHW,Financial Services,Asset Management,NGM,0.44
SNDA,Healthcare,Medical Care Facilities,NYQ,0.44
PSNL,Healthcare,Diagnostics & Research,NGM,0.44
WDH,Financial Services,Insurance - Diversified,NYQ,0.44
ASPI,Basic Materials,Chemicals,NCM,0.44
SMC,Energy,Oil & Gas Midstream,NYQ,0.44
CYH,Healthcare,Medical Care Facilities,NYQ,0.44
SD,Energy,Oil & Gas E&P,NYQ,0.44
KALV,Healthcare,Biotechnology,NGM,0.44
CELC,Healthcare,Biotechnology,NCM,0.44
DPG,Financial Services,Asset Management,NYQ,0.44
SAGE,Healthcare,Biotechnology,NGM,0.44
YORW,Utilities,Utilities - Regulated Water,NMS,0.44
ATXS,Healthcare,Biotechnology,NGM,0.44
MVF,Financial Services,Asset Management,NYQ,0.44
ALNT,Technology,Electronic Components,NGM,0.43
ANNX,Healthcare,Biotechnology,NMS,0.43
GRVY,Communication Services,Electronic Gaming & Multimedia,NGM,0.43
IGD,Financial Services,Asset Management,NYQ,0.43
RWAY,Financial Services,Credit Services,NMS,0.43
WALD,Consumer Defensive,Household & Personal Products,NCM,0.43
FBIZ,Financial Services,Banks - Regional,NMS,0.43
BSRR,Financial Services,Banks - Regional,NMS,0.43
CHPT,Consumer Cyclical,Specialty Retail,NYQ,0.43
ACTG,Industrials,Business Equipment & Supplies,NMS,0.43
ABSI,Healthcare,Biotechnology,NMS,0.43
MSBI,Financial Services,Banks - Regional,NMS,0.43
TITN,Industrials,Industrial Distribution,NMS,0.43
SIGA,Healthcare,Drug Manufacturers - Specialty & Generic,NGM,0.43
LAR,Basic Materials,Other Industrial Metals & Mining,NYQ,0.43
EGY,Energy,Oil & Gas E&P,NYQ,0.43
NQP,Financial Services,Asset Management,NYQ,0.43
NNOX,Healthcare,Medical Devices,NGM,0.43
SES,Consumer Cyclical,Auto Parts,NYQ,0.43
OXLCO,Financial Services,Asset Management,NMS,0.43
EVTL,Industrials,Aerospace & Defense,NYQ,0.43
MUA,Financial Services,Asset Management,NYQ,0.42
FFWM,Financial Services,Banks - Regional,NYQ,0.42
DFP,Financial Services,Asset Management,NYQ,0.42
ETO,Financial Services,Asset Management,NYQ,0.42
JILL,Consumer Cyclical,Apparel Retail,NYQ,0.42
CYD,Consumer Cyclical,Auto Manufacturers,NYQ,0.42
GUT,Financial Services,Asset Management,NYQ,0.42
PERI,Communication Services,Internet Content & Information,NMS,0.42
GRPN,Communication Services,Internet Content & Information,NMS,0.42
CVGW,Consumer Defensive,Food Distribution,NMS,0.42
AMCX,Communication Services,Entertainment,NMS,0.42
SPIR,Industrials,Specialty Business Services,NYQ,0.42
LMNR,Consumer Defensive,Farm Products,NMS,0.42
BWMX,Consumer Cyclical,Specialty Retail,NYQ,0.42
SOHU,Communication Services,Electronic Gaming & Multimedia,NMS,0.42
CVRX,Healthcare,Medical Devices,NMS,0.42
TWFG,Financial Services,Insurance Brokers,NMS,0.42
EHAB,Healthcare,Medical Care Facilities,NYQ,0.42
USAP,Basic Materials,Steel,NMS,0.42
MCI,Financial Services,Asset Management,NYQ,0.42
GEVO,Basic Materials,Specialty Chemicals,NCM,0.42
EAD,Financial Services,Asset Management,NYQ,0.42
ITIC,Financial Services,Insurance - Specialty,NMS,0.42
TCMD,Healthcare,Medical Devices,NGM,0.42
ZVRA,Healthcare,Biotechnology,NMS,0.42
MOV,Consumer Cyclical,Luxury Goods,NYQ,0.42
AIRTP,Industrials,Conglomerates,NGM,0.41
FFA,Financial Services,Asset Management,NYQ,0.41
HYLN,Consumer Cyclical,Auto Parts,ASE,0.41
NETD,Financial Services,Shell Companies,NGM,0.41
GILT,Technology,Communication Equipment,NMS,0.41
CARE,Financial Services,Banks - Regional,NMS,0.41
IPXX,Financial Services,Shell Companies,NGM,0.41
GLUE,Healthcare,Biotechnology,NMS,0.41
PHAT,Healthcare,Biotechnology,NMS,0.41
GTN,Communication Services,Broadcasting,NYQ,0.41
LSAK,Technology,Software - Infrastructure,NMS,0.41
LANDM,Real Estate,REIT - Specialty,NGM,0.41
CRMT,Consumer Cyclical,Auto & Truck Dealerships,NMS,0.41
SHYF,Industrials,Farm & Heavy Construction Machinery,NMS,0.41
CNL,Basic Materials,Gold,ASE,0.41
JFIN,Communication Services,Internet Content & Information,NGM,0.41
BIOX,Basic Materials,Agricultural Inputs,NMS,0.41
BLDP,Industrials,Specialty Industrial Machinery,NGM,0.41
CWCO,Utilities,Utilities - Regulated Water,NMS,0.41
BMRC,Financial Services,Banks - Regional,NCM,0.41
TRML,Healthcare,Biotechnology,NMS,0.41
HBCP,Financial Services,Banks - Regional,NMS,0.41
EVN,Financial Services,Asset Management,NYQ,0.41
NPCE,Healthcare,Medical Devices,NGM,0.41
SGU,Energy,Oil & Gas Refining & Marketing,NYQ,0.41
DHIL,Financial Services,Asset Management,NMS,0.41
ALLO,Healthcare,Biotechnology,NMS,0.4
XPER,Technology,Software - Application,NYQ,0.4
CRNT,Technology,Communication Equipment,NMS,0.4
NYXH,Healthcare,Medical Instruments & Supplies,NGM,0.4
OFLX,Industrials,Specialty Industrial Machinery,NGM,0.4
PGEN,Healthcare,Biotechnology,NMS,0.4
BSVN,Financial Services,Banks - Regional,NMS,0.4
URG,Energy,Uranium,ASE,0.4
RGNX,Healthcare,Biotechnology,NMS,0.4
AURA,Healthcare,Biotechnology,NGM,0.4
HQL,Financial Services,Asset Management,NYQ,0.4
MLP,Real Estate,Real Estate Services,NYQ,0.4
SNBR,Consumer Cyclical,"Furnishings, Fixtures & Appliances",NMS,0.4
HOUS,Real Estate,Real Estate Services,NYQ,0.4
OTLY,Consumer Defensive,Packaged Foods,NMS,0.4
MEI,Technology,Electronic Components,NYQ,0.4
SCM,Financial Services,Asset Management,NYQ,0.4
CMPS,Healthcare,Medical Care Facilities,NMS,0.4
LOVE,Consumer Cyclical,"Furnishings, Fixtures & Appliances",NGM,0.39
APEI,Consumer Defensive,Education & Training Services,NMS,0.39
PKST,Real Estate,REIT - Office,NYQ,0.39
OABI,Healthcare,Biotechnology,NGM,0.39
LAND,Real Estate,REIT - Specialty,NGM,0.39
HIX,Financial Services,Asset Management,NYQ,0.39
OOMA,Technology,Software - Application,NYQ,0.39
GNE,Utilities,Utilities - Regulated Electric,NYQ,0.39
DOGZ,Consumer Cyclical,Leisure,NCM,0.39
HVT,Consumer Cyclical,Home Improvement Retail,NYQ,0.39
EFR,Financial Services,Asset Management,NYQ,0.39
EAF,Industrials,Electrical Equipment & Parts,NYQ,0.39
VKI,Financial Services,Asset Management,NYQ,0.39
KMDA,Healthcare,Drug Manufacturers - Specialty & Generic,NMS,0.39
MYN,Financial Services,Asset Management,NYQ,0.39
TRAK,Technology,Software - Application,NYQ,0.39
BWB,Financial Services,Banks - Regional,NCM,0.39
WYHG,Consumer Defensive,Packaged Foods,NCM,0.39
LE,Consumer Cyclical,Apparel Retail,NCM,0.39
GBAB,Financial Services,Asset Management,NYQ,0.39
XYF,Financial Services,Credit Services,NYQ,0.38
ZIMV,Healthcare,Medical Devices,NMS,0.38
LEO,Financial Services,Asset Management,NYQ,0.38
NL,Industrials,Security & Protection Services,NYQ,0.38
VENU,Consumer Cyclical,Restaurants,ASE,0.38
OBE,Energy,Oil & Gas E&P,ASE,0.38
RRBI,Financial Services,Banks - Regional,NMS,0.38
RVNC,Healthcare,Biotechnology,NGM,0.38
HIVE,Financial Services,Capital Markets,NCM,0.38
BYON,Consumer Cyclical,Internet Retail,NYQ,0.38
ZEUS,Basic Materials,Steel,NMS,0.38
TERN,Healthcare,Biotechnology,NMS,0.38
LND,Consumer Defensive,Farm Products,NYQ,0.38
FRBA,Financial Services,Banks - Regional,NGM,0.38
RIGL,Healthcare,Biotechnology,NMS,0.38
LXFR,Industrials,Specialty Industrial Machinery,NYQ,0.38
KLTR,Technology,Software - Application,NMS,0.38
PSTL,Real Estate,REIT - Office,NYQ,0.38
EWCZ,Consumer Defensive,Household & Personal Products,NMS,0.38
HFRO,Financial Services,Asset Management,NYQ,0.38
HIO,Financial Services,Asset Management,NYQ,0.38
SB,Industrials,Marine Shipping,NYQ,0.38
USCB,Financial Services,Banks - Regional,NGM,0.38
NRC,Healthcare,Health Information Services,NMS,0.38
PNRG,Energy,Oil & Gas E&P,NCM,0.37
TBRG,Healthcare,Health Information Services,NMS,0.37
CYRX,Industrials,Integrated Freight & Logistics,NCM,0.37
KTF,Financial Services,Asset Management,NYQ,0.37
CWBC,Financial Services,Banks - Regional,NCM,0.37
PRME,Healthcare,Biotechnology,NGM,0.37
GPAT,Financial Services,Shell Companies,NGM,0.37
GOCO,Financial Services,Insurance Brokers,NCM,0.37
IRWD,Healthcare,Drug Manufacturers - Specialty & Generic,NMS,0.37
AMPX,Industrials,Electrical Equipment & Parts,NYQ,0.37
RM,Financial Services,Credit Services,NYQ,0.37
CDZI,Utilities,Utilities - Regulated Water,NGM,0.37
CERS,Healthcare,Medical Devices,NGM,0.37
CMRX,Healthcare,Biotechnology,NGM,0.37
LESL,Consumer Cyclical,Specialty Retail,NMS,0.37
FMAO,Financial Services,Banks - Regional,NCM,0.37
PBPB,Consumer Cyclical,Restaurants,NMS,0.37
EGHT,Technology,Software - Application,NMS,0.37
ALMS,Healthcare,Biotechnology,NMS,0.37
VALU,Financial Services,Financial Data & Stock Exchanges,NCM,0.37
HRZN,Financial Services,Asset Management,NMS,0.37
WTBA,Financial Services,Banks - Regional,NMS,0.37
MTRX,Industrials,Engineering & Construction,NMS,0.37
EFT,Financial Services,Asset Management,NYQ,0.36
RNGR,Energy,Oil & Gas Equipment & Services,NYQ,0.36
LOCO,Consumer Cyclical,Restaurants,NMS,0.36
MBI,Financial Services,Insurance - Specialty,NYQ,0.36
NIPG,Communication Services,Entertainment,NGM,0.36
WOW,Communication Services,Telecom Services,NYQ,0.36
ASLE,Industrials,Airports & Air Services,NCM,0.36
SAR,Financial Services,Asset Management,NYQ,0.36
POET,Technology,Semiconductors,NCM,0.36
TBCH,Technology,Consumer Electronics,NGM,0.36
HPF,Financial Services,Asset Management,NYQ,0.36
HLLY,Consumer Cyclical,Auto Parts,NYQ,0.36
IPI,Basic Materials,Agricultural Inputs,NYQ,0.36
MTW,Industrials,Farm & Heavy Construction Machinery,NYQ,0.35
ACNB,Financial Services,Banks - Regional,NCM,0.35
XHG,Real Estate,Real Estate Services,NCM,0.35
FOF,Financial Services,Asset Management,NYQ,0.35
SOR,Financial Services,Asset Management,NYQ,0.35
ESPR,Healthcare,Drug Manufacturers - Specialty & Generic,NGM,0.35
NFGC,Basic Materials,Gold,ASE,0.35
QUAD,Industrials,Specialty Business Services,NYQ,0.35
NEWT,Financial Services,Banks - Regional,NGM,0.35
NVEC,Technology,Semiconductors,NCM,0.35
NAK,Basic Materials,Other Industrial Metals & Mining,ASE,0.35
TATT,Industrials,Aerospace & Defense,NGM,0.35
NAN,Financial Services,Asset Management,NYQ,0.35
ASG,Financial Services,Asset Management,NYQ,0.35
CIVB,Financial Services,Banks - Regional,NCM,0.35
PAMT,Industrials,Trucking,NGM,0.35
JYD,Industrials,Integrated Freight & Logistics,NCM,0.35
NREF,Real Estate,REIT - Mortgage,NYQ,0.35
PPT,Financial Services,Asset Management,NYQ,0.35
TRVI,Healthcare,Biotechnology,NGM,0.35
ARDC,Financial Services,Asset Management,NYQ,0.35
PKOH,Industrials,Specialty Industrial Machinery,NMS,0.35
MVIS,Technology,Scientific & Technical Instruments,NGM,0.35
ZBIO,Healthcare,Biotechnology,NMS,0.34
PFL,Financial Services,Asset Management,NYQ,0.34
CRVS,Healthcare,Biotechnology,NGM,0.34
BRW,Financial Services,Asset Management,NYQ,0.34
BRY,Energy,Oil & Gas E&P,NMS,0.34
WEYS,Consumer Cyclical,Footwear & Accessories,NMS,0.34
JRI,Financial Services,Asset Management,NYQ,0.34
BNED,Consumer Cyclical,Specialty Retail,NYQ,0.34
BGR,Financial Services,Asset Management,NYQ,0.34
HCAT,Healthcare,Health Information Services,NMS,0.34
SEG,Real Estate,Real Estate Services,ASE,0.34
LWAY,Consumer Defensive,Packaged Foods,NGM,0.34
TBN,Energy,Oil & Gas E&P,NYQ,0.34
KIO,Financial Services,Asset Management,NYQ,0.34
PANL,Industrials,Marine Shipping,NCM,0.34
AENT,Communication Services,Entertainment,NCM,0.34
KOD,Healthcare,Biotechnology,NGM,0.34
AEHR,Technology,Semiconductor Equipment & Materials,NCM,0.34
ENGN,Healthcare,Biotechnology,NCM,0.34
BFZ,Financial Services,Asset Management,NYQ,0.34
CDXS,Healthcare,Biotechnology,NMS,0.34
AWP,Financial Services,Asset Management,NYQ,0.34
TTSH,Consumer Cyclical,Home Improvement Retail,NCM,0.34
HRTG,Financial Services,Insurance - Property & Casualty,NYQ,0.34
MIY,Financial Services,Asset Management,NYQ,0.34
RDUS,Basic Materials,Steel,NMS,0.34
JAKK,Consumer Cyclical,Leisure,NMS,0.33
MPX,Consumer Cyclical,Recreational Vehicles,NYQ,0.33
NGS,Energy,Oil & Gas Equipment & Services,NYQ,0.33
RLGT,Industrials,Integrated Freight & Logistics,ASE,0.33
ALLT,Technology,Software - Infrastructure,NMS,0.33
COOK,Consumer Cyclical,"Furnishings, Fixtures & Appliances",NYQ,0.33
MEC,Industrials,Metal Fabrication,NYQ,0.33
RBB,Financial Services,Banks - Regional,NMS,0.33
CZNC,Financial Services,Banks - Regional,NCM,0.33
NCV,Financial Services,Asset Management,NYQ,0.33
DOMO,Technology,Software - Application,NGM,0.33
MBX,Healthcare,Biotechnology,NMS,0.33
NATH,Consumer Cyclical,Restaurants,NMS,0.33
ZEO,Technology,Solar,NCM,0.33
BARK,Consumer Cyclical,Specialty Retail,NYQ,0.33
NUS,Consumer Defensive,Household & Personal Products,NYQ,0.33
SSBK,Financial Services,Banks - Regional,NMS,0.33
JOUT,Consumer Cyclical,Leisure,NMS,0.33
FINS,Financial Services,Asset Management,NYQ,0.33
SPOK,Healthcare,Health Information Services,NMS,0.33
NMG,Basic Materials,Other Industrial Metals & Mining,NYQ,0.32
UROY,Energy,Uranium,NCM,0.32
AMBI,Industrials,Waste Management,ASE,0.32
OIS,Energy,Oil & Gas Equipment & Services,NYQ,0.32
TPVG,Financial Services,Asset Management,NYQ,0.32
ARTNA,Utilities,Utilities - Regulated Water,NMS,0.32
KRRO,Healthcare,Biotechnology,NCM,0.32
CVEO,Consumer Cyclical,Lodging,NYQ,0.32
EXFY,Technology,Software - Application,NMS,0.32
DENN,Consumer Cyclical,Restaurants,NCM,0.32
HYAC,Financial Services,Shell Companies,NYQ,0.32
AFB,Financial Services,Asset Management,NYQ,0.32
RMAX,Real Estate,Real Estate Services,NYQ,0.32
TSSI,Technology,Information Technology Services,NCM,0.32
BGH,Financial Services,Asset Management,NYQ,0.32
CIX,Industrials,Security & Protection Services,ASE,0.32
ASUR,Technology,Software - Application,NCM,0.32
VMD,Healthcare,Medical Devices,NCM,0.32
NECB,Financial Services,Banks - Regional,NCM,0.32
PMTS,Financial Services,Credit Services,NGM,0.32
FSBW,Financial Services,Banks - Regional,NCM,0.32
SMTI,Healthcare,Medical Instruments & Supplies,NCM,0.32
BRT,Real Estate,REIT - Residential,NYQ,0.32
TNGX,Healthcare,Biotechnology,NGM,0.32
SPXX,Financial Services,Asset Management,NYQ,0.32
LPA,Real Estate,Real Estate - Development,ASE,0.32
NOVA,Technology,Solar,NYQ,0.32
ALDX,Healthcare,Biotechnology,NCM,0.32
NODK,Financial Services,Insurance - Property & Casualty,NCM,0.32
ATYR,Healthcare,Biotechnology,NCM,0.32
RFI,Financial Services,Asset Management,NYQ,0.32
ZUMZ,Consumer Cyclical,Apparel Retail,NMS,0.31
XOMA,Healthcare,Biotechnology,NGM,0.31
ACRE,Real Estate,REIT - Mortgage,NYQ,0.31
MSB,Basic Materials,Steel,NYQ,0.31
BLZE,Technology,Software - Infrastructure,NGM,0.31
NPCT,Financial Services,Asset Management,NYQ,0.31
VPG,Technology,Scientific & Technical Instruments,NYQ,0.31
QSI,Healthcare,Medical Devices,NGM,0.31
RMR,Real Estate,Real Estate Services,NCM,0.31
EDD,Financial Services,Asset Management,NYQ,0.31
CGC,Healthcare,Drug Manufacturers - Specialty & Generic,NMS,0.31
MHN,Financial Services,Asset Management,NYQ,0.31
IMMP,Healthcare,Biotechnology,NGM,0.31
JGH,Financial Services,Asset Management,NYQ,0.31
MIN,Financial Services,Asset Management,NYQ,0.31
PMO,Financial Services,Asset Management,NYQ,0.31
TSHA,Healthcare,Biotechnology,NMS,0.31
AMLX,Healthcare,Biotechnology,NMS,0.31
IHRT,Communication Services,Broadcasting,NMS,0.31
NMRA,Healthcare,Biotechnology,NMS,0.31
EB,Technology,Software - Application,NYQ,0.31
CADL,Healthcare,Biotechnology,NGM,0.31
YSG,Consumer Defensive,Household & Personal Products,NYQ,0.31
ORN,Industrials,Engineering & Construction,NYQ,0.31
MCFT,Consumer Cyclical,Recreational Vehicles,NGM,0.31
BCML,Financial Services,Banks - Regional,NMS,0.31
MG,Industrials,Security & Protection Services,NYQ,0.31
NBH,Financial Services,Asset Management,NYQ,0.31
TRUE,Communication Services,Internet Content & Information,NMS,0.3
LSEA,Real Estate,Real Estate - Development,NCM,0.3
LAES,Technology,Semiconductors,NCM,0.3
VYGR,Healthcare,Biotechnology,NMS,0.3
VUZI,Technology,Consumer Electronics,NCM,0.3
HIT,Technology,Software - Application,NCM,0.3
BLDE,Industrials,Airports & Air Services,NCM,0.3
PBFS,Financial Services,Banks - Regional,NCM,0.3
CBAN,Financial Services,Banks - Regional,NYQ,0.3
OIA,Financial Services,Asset Management,NYQ,0.3
RCS,Financial Services,Asset Management,NYQ,0.3
PDLB,Financial Services,Banks - Regional,NGM,0.3
ZH,Communication Services,Internet Content & Information,NYQ,0.3
OB,Communication Services,Internet Content & Information,NMS,0.3
EM,Consumer Cyclical,Personal Services,NCM,0.3
REFI,Real Estate,REIT - Mortgage,NGM,0.3
AUDC,Technology,Communication Equipment,NMS,0.3
COFS,Financial Services,Banks - Regional,NCM,0.3
LAW,Technology,Software - Application,NYQ,0.3
FSTR,Industrials,Railroads,NMS,0.3
SNFCA,Financial Services,Mortgage Finance,NGM,0.3
KBSX,Basic Materials,Steel,NGM,0.3
MPLN,Healthcare,Health Information Services,NYQ,0.3
SFST,Financial Services,Banks - Regional,NGM,0.3
CZFS,Financial Services,Banks - Regional,NCM,0.3
CDRO,Consumer Cyclical,Gambling,NCM,0.3
RZLT,Healthcare,Biotechnology,NCM,0.3
OSUR,Healthcare,Medical Instruments & Supplies,NMS,0.3
GHI,Financial Services,Mortgage Finance,NYQ,0.3
ELMD,Healthcare,Medical Devices,ASE,0.29
MNDR,Healthcare,Health Information Services,NCM,0.29
INGN,Healthcare,Medical Devices,NMS,0.29
SLI,Basic Materials,Other Industrial Metals & Mining,ASE,0.29
MMD,Financial Services,Asset Management,NYQ,0.29
MAMA,Consumer Defensive,Packaged Foods,NCM,0.29
OBT,Financial Services,Banks - Regional,NCM,0.29
GSRT,Financial Services,Shell Companies,NGM,0.29
FLIC,Financial Services,Banks - Regional,NCM,0.29
PKE,Industrials,Aerospace & Defense,NYQ,0.29
FNLC,Financial Services,Banks - Regional,NMS,0.29
FORR,Industrials,Consulting Services,NMS,0.29
RMM,Financial Services,Asset Management,NYQ,0.29
ELDN,Healthcare,Biotechnology,NCM,0.29
IBEX,Technology,Information Technology Services,NGM,0.29
DSM,Financial Services,Asset Management,NYQ,0.29
DBL,Financial Services,Asset Management,NYQ,0.29
BGT,Financial Services,Asset Management,NYQ,0.29
NEN,Real Estate,Real Estate Services,ASE,0.29
SCD,Financial Services,Asset Management,NYQ,0.29
BYM,Financial Services,Asset Management,NYQ,0.29
ONTF,Technology,Software - Application,NYQ,0.29
EHTH,Financial Services,Insurance Brokers,NMS,0.29
USAS,Basic Materials,Other Industrial Metals & Mining,ASE,0.29
EIC,Financial Services,Asset Management,NYQ,0.29
GRAF,Financial Services,Shell Companies,ASE,0.29
ONEW,Consumer Cyclical,Specialty Retail,NGM,0.29
GAU,Basic Materials,Gold,ASE,0.29
PCYO,Utilities,Utilities - Regulated Water,NCM,0.28
FVR,Real Estate,REIT - Diversified,NYQ,0.28
FTK,Energy,Oil & Gas Equipment & Services,NYQ,0.28
PCB,Financial Services,Banks - Regional,NMS,0.28
ITOS,Healthcare,Biotechnology,NGM,0.28
AZUL,Industrials,Airlines,NYQ,0.28
GDEV,Communication Services,Electronic Gaming & Multimedia,NGM,0.28
GHG,Consumer Cyclical,Lodging,NYQ,0.28
ONIT,Financial Services,Mortgage Finance,NYQ,0.28
AEF,Financial Services,Asset Management,ASE,0.28
NRDY,Technology,Software - Application,NYQ,0.28
DSGN,Healthcare,Biotechnology,NMS,0.28
RGP,Industrials,Consulting Services,NMS,0.28
JPI,Financial Services,Asset Management,NYQ,0.28
RR,Industrials,Specialty Industrial Machinery,NCM,0.28
AQST,Healthcare,Drug Manufacturers - Specialty & Generic,NGM,0.28
PMM,Financial Services,Asset Management,NYQ,0.28
SMRT,Technology,Software - Application,NYQ,0.28
INBK,Financial Services,Banks - Regional,NMS,0.28
GWRS,Utilities,Utilities - Regulated Water,NGM,0.28
NCA,Financial Services,Asset Management,NYQ,0.28
AIRS,Healthcare,Medical Care Facilities,NGM,0.28
BRBS,Financial Services,Banks - Regional,ASE,0.28
MCR,Financial Services,Asset Management,NYQ,0.27
HTCO,Industrials,Marine Shipping,NCM,0.27
ATLN,Healthcare,Diagnostics & Research,NGM,0.27
ARQQ,Technology,Software - Infrastructure,NCM,0.27
APPS,Technology,Software - Application,NCM,0.27
DRDBU,Financial Services,Shell Companies,NGM,0.27
SATL,Industrials,Aerospace & Defense,NCM,0.27
BTMD,Healthcare,Medical Care Facilities,NGM,0.27
YMAB,Healthcare,Biotechnology,NMS,0.27
TG,Industrials,Metal Fabrication,NYQ,0.27
DRTS,Healthcare,Biotechnology,NCM,0.27
PAL,Industrials,Integrated Freight & Logistics,NMS,0.27
ISPR,Consumer Defensive,Tobacco,NCM,0.27
MNPR,Healthcare,Biotechnology,NCM,0.27
WSBF,Financial Services,Banks - Regional,NMS,0.27
LEGT,Financial Services,Shell Companies,ASE,0.27
FRST,Financial Services,Banks - Regional,NGM,0.27
ACIU,Healthcare,Biotechnology,NGM,0.27
LFVN,Consumer Defensive,Packaged Foods,NCM,0.27
HYI,Financial Services,Asset Management,NYQ,0.27
ACRS,Healthcare,Diagnostics & Research,NMS,0.27
KGEI,Energy,Oil & Gas E&P,NCM,0.27
JMSB,Financial Services,Banks - Regional,NCM,0.27
INSE,Consumer Cyclical,Gambling,NCM,0.27
VSTM,Healthcare,Biotechnology,NCM,0.27
PLBC,Financial Services,Banks - Regional,NCM,0.27
FCT,Financial Services,Asset Management,NYQ,0.27
BNTC,Healthcare,Biotechnology,NCM,0.27
LXRX,Healthcare,Biotechnology,NMS,0.27
IMMR,Technology,Software - Application,NMS,0.27
CPS,Consumer Cyclical,Auto Parts,NYQ,0.27
CRDF,Healthcare,Biotechnology,NCM,0.27
ATAI,Healthcare,Biotechnology,NGM,0.27
KOPN,Technology,Electronic Components,NCM,0.27
CPSS,Financial Services,Credit Services,NGM,0.27
SABA,Financial Services,Asset Management,NYQ,0.26
PDYN,Technology,Software - Infrastructure,NGM,0.26
NRGV,Utilities,Utilities - Renewable,NYQ,0.26
TWN,Financial Services,Asset Management,NYQ,0.26
TEI,Financial Services,Asset Management,NYQ,0.26
BYND,Consumer Defensive,Packaged Foods,NMS,0.26
ZVIA,Consumer Defensive,Beverages - Non-Alcoholic,NYQ,0.26
CATX,Healthcare,Medical Devices,ASE,0.26
CCCC,Healthcare,Biotechnology,NMS,0.26
FREY,Industrials,Electrical Equipment & Parts,NYQ,0.26
BDMD,Healthcare,Medical Devices,NCM,0.26
ILLR,Technology,Software - Application,NCM,0.26
NATR,Consumer Defensive,Packaged Foods,NCM,0.26
SBXD,Financial Services,Shell Companies,NYQ,0.26
RLTY,Financial Services,Asset Management,NYQ,0.26
EOT,Financial Services,Asset Management,NYQ,0.26
FDBC,Financial Services,Banks - Regional,NGM,0.26
ERC,Financial Services,Asset Management,ASE,0.26
TVGN,Healthcare,Biotechnology,NGM,0.26
SGC,Consumer Cyclical,Apparel Manufacturing,NGM,0.26
ARQ,Industrials,Pollution & Treatment Controls,NGM,0.26
ILPT,Real Estate,REIT - Industrial,NMS,0.26
SGMO,Healthcare,Biotechnology,NCM,0.26
FDMT,Healthcare,Biotechnology,NMS,0.26
HDSN,Basic Materials,Specialty Chemicals,NCM,0.26
NUTX,Healthcare,Medical Care Facilities,NCM,0.26
VNDA,Healthcare,Biotechnology,NGM,0.26
RMNI,Technology,Software - Application,NGM,0.26
RIV,Financial Services,Asset Management,NYQ,0.26
REI,Energy,Oil & Gas E&P,ASE,0.26
PINE,Real Estate,REIT - Retail,NYQ,0.26
MMT,Financial Services,Asset Management,NYQ,0.26
IONR,Basic Materials,Other Industrial Metals & Mining,NCM,0.26
MTA,Basic Materials,Other Precious Metals & Mining,ASE,0.26
CTNM,Healthcare,Biotechnology,NMS,0.26
INVZ,Consumer Cyclical,Auto Parts,NCM,0.26
FLXS,Consumer Cyclical,"Furnishings, Fixtures & Appliances",NMS,0.26
JCE,Financial Services,Asset Management,NYQ,0.26
AVIR,Healthcare,Biotechnology,NMS,0.26
HRTX,Healthcare,Biotechnology,NCM,0.26
LNKB,Financial Services,Banks - Regional,NCM,0.26
LIEN,Financial Services,Asset Management,NGM,0.26
AFRI,Consumer Defensive,Farm Products,NCM,0.26
ALTG,Industrials,Rental & Leasing Services,NYQ,0.25
WHF,Financial Services,Asset Management,NMS,0.25
VLN,Technology,Semiconductors,NYQ,0.25
SBT,Financial Services,Banks - Regional,NCM,0.25
HONDU,Financial Services,Shell Companies,NGM,0.25
RCEL,Healthcare,Medical Devices,NCM,0.25
ICG,Technology,Semiconductors,NCM,0.25
ATOM,Technology,Semiconductor Equipment & Materials,NCM,0.25
DMAC,Healthcare,Biotechnology,NCM,0.25
AZ,Technology,Software - Application,NCM,0.25
BKT,Financial Services,Asset Management,NYQ,0.25
MVBF,Financial Services,Banks - Regional,NCM,0.25
HLXB,Financial Services,Shell Companies,NGM,0.25
EVI,Industrials,Industrial Distribution,ASE,0.25
NUW,Financial Services,Asset Management,NYQ,0.25
NCZ,Financial Services,Asset Management,NYQ,0.25
SLDP,Consumer Cyclical,Auto Parts,NMS,0.25
SVCO,Technology,Software - Application,NMS,0.25
ANIK,Healthcare,Drug Manufacturers - Specialty & Generic,NMS,0.25
PMX,Financial Services,Asset Management,NYQ,0.25
BNY,Financial Services,Asset Management,NYQ,0.25
JRS,Financial Services,Asset Management,NYQ,0.25
SKIL,Consumer Defensive,Education & Training Services,NYQ,0.25
SLN,Healthcare,Biotechnology,NGM,0.25
ZYXI,Healthcare,Medical Distribution,NMS,0.25
CFFI,Financial Services,Banks - Regional,NMS,0.25
GRRR,Technology,Software - Infrastructure,NCM,0.25
CIA,Financial Services,Insurance - Life,NYQ,0.25
CHMG,Financial Services,Banks - Regional,NMS,0.25
FOA,Financial Services,Credit Services,NYQ,0.25
TDUP,Consumer Cyclical,Internet Retail,NMS,0.25
BWFG,Financial Services,Banks - Regional,NGM,0.25
NWFL,Financial Services,Banks - Regional,NGM,0.25
LRMR,Healthcare,Biotechnology,NGM,0.25
ATNI,Communication Services,Telecom Services,NMS,0.24
NGNE,Healthcare,Biotechnology,NGM,0.24
AVNW,Technology,Communication Equipment,NMS,0.24
PSF,Financial Services,Asset Management,NYQ,0.24
FF,Basic Materials,Specialty Chemicals,NYQ,0.24
FINW,Financial Services,Banks - Regional,NGM,0.24
DBI,Consumer Cyclical,Footwear & Accessories,NYQ,0.24
ATGL,Technology,Software - Infrastructure,NCM,0.24
THRD,Healthcare,Biotechnology,NGM,0.24
AOMR,Real Estate,REIT - Mortgage,NYQ,0.24
PKBK,Financial Services,Banks - Regional,NCM,0.24
ACV,Financial Services,Asset Management,NYQ,0.24
PMF,Financial Services,Asset Management,NYQ,0.24
TBI,Industrials,Staffing & Employment Services,NYQ,0.24
SANG,Technology,Software - Infrastructure,NMS,0.24
EVBN,Financial Services,Banks - Regional,ASE,0.24
TSBK,Financial Services,Banks - Regional,NGM,0.24
LANV,Consumer Cyclical,Luxury Goods,NYQ,0.24
IIF,Financial Services,Asset Management,NYQ,0.24
ARBE,Technology,Software - Infrastructure,NCM,0.24
IAUX,Basic Materials,Gold,ASE,0.24
UHG,Consumer Cyclical,Residential Construction,NGM,0.24
DRUG,Healthcare,Biotechnology,NCM,0.24
AMRN,Healthcare,Drug Manufacturers - General,NCM,0.24
ALCO,Consumer Defensive,Farm Products,NMS,0.24
LFMD,Healthcare,Health Information Services,NGM,0.24
GENC,Industrials,Farm & Heavy Construction Machinery,ASE,0.23
HWBK,Financial Services,Banks - Regional,NMS,0.23
RAIL,Industrials,Railroads,NMS,0.23
NHS,Financial Services,Asset Management,NYQ,0.23
FXNC,Financial Services,Banks - Regional,NCM,0.23
MAPS,Technology,Software - Application,NMS,0.23
GOSS,Healthcare,Biotechnology,NMS,0.23
CTRN,Consumer Cyclical,Apparel Retail,NMS,0.23
INMB,Healthcare,Biotechnology,NCM,0.23
AEYE,Technology,Software - Application,NCM,0.23
FUND,Financial Services,Asset Management,NGM,0.23
WILC,Consumer Defensive,Food Distribution,NCM,0.23
TSI,Financial Services,Asset Management,NYQ,0.23
ONL,Real Estate,REIT - Office,NYQ,0.23
WTI,Energy,Oil & Gas E&P,NYQ,0.23
AEVA,Technology,Software - Infrastructure,NYQ,0.23
PWOD,Financial Services,Banks - Regional,NMS,0.23
TZOO,Communication Services,Advertising Agencies,NMS,0.23
NPV,Financial Services,Asset Management,NYQ,0.23
RITR,Industrials,Engineering & Construction,NCM,0.23
PHT,Financial Services,Asset Management,NYQ,0.23
HBB,Consumer Cyclical,"Furnishings, Fixtures & Appliances",NYQ,0.23
HITI,Healthcare,Pharmaceutical Retailers,NCM,0.23
NVX,Industrials,Electrical Equipment & Parts,NGM,0.23
SOPH,Healthcare,Health Information Services,NMS,0.23
MUE,Financial Services,Asset Management,NYQ,0.23
ARL,Real Estate,Real Estate Services,NYQ,0.23
IRBT,Consumer Cyclical,"Furnishings, Fixtures & Appliances",NMS,0.23
NXDT,Real Estate,REIT - Diversified,NYQ,0.23
EVM,Financial Services,Asset Management,ASE,0.23
FHTX,Healthcare,Biotechnology,NGM,0.23
NC,Energy,Thermal Coal,NYQ,0.23
FBLA,Financial Services,Banks - Regional,NCM,0.23
SIFY,Communication Services,Telecom Services,NCM,0.23
MQT,Financial Services,Asset Management,NYQ,0.23
TLS,Technology,Software - Infrastructure,NGM,0.23
LFCR,Healthcare,Drug Manufacturers - Specialty & Generic,NMS,0.22
FVCB,Financial Services,Banks - Regional,NCM,0.22
PERF,Technology,Software - Application,NYQ,0.22
IVA,Healthcare,Biotechnology,NGM,0.22
CAF,Financial Services,Asset Management,NYQ,0.22
TDF,Financial Services,Asset Management,NYQ,0.22
MYPS,Communication Services,Electronic Gaming & Multimedia,NGM,0.22
MFM,Financial Services,Asset Management,NYQ,0.22
VSTA,Consumer Defensive,Education & Training Services,NMS,0.22
LUNG,Healthcare,Medical Devices,NMS,0.22
SERA,Healthcare,Medical Devices,NGM,0.22
AMPY,Energy,Oil & Gas E&P,NYQ,0.22
OCGN,Healthcare,Biotechnology,NCM,0.22
JOF,Financial Services,Asset Management,NYQ,0.22
AVR,Healthcare,Medical Instruments & Supplies,NGM,0.22
HPAI,Technology,Software - Infrastructure,NCM,0.22
KFS,Consumer Cyclical,Auto & Truck Dealerships,NYQ,0.22
RGCO,Utilities,Utilities - Regulated Gas,NGM,0.22
NEWP,Basic Materials,Other Precious Metals & Mining,ASE,0.22
EOD,Financial Services,Asset Management,NYQ,0.22
GMGI,Communication Services,Electronic Gaming & Multimedia,NCM,0.22
DHY,Financial Services,Asset Management,ASE,0.22
ESEA,Industrials,Marine Shipping,NCM,0.22
LGI,Financial Services,Asset Management,NYQ,0.22
LCNB,Financial Services,Banks - Regional,NCM,0.22
OVLY,Financial Services,Banks - Regional,NCM,0.22
OZ,Real Estate,Real Estate - Development,ASE,0.22
GLO,Financial Services,Asset Management,ASE,0.22
LWLG,Basic Materials,Specialty Chemicals,NCM,0.22
GROY,Basic Materials,Gold,ASE,0.22
ODV,Basic Materials,Gold,NYQ,0.22
TCI,Real Estate,Real Estate Services,NYQ,0.22
PRQR,Healthcare,Biotechnology,NCM,0.22
FET,Energy,Oil & Gas Equipment & Services,NYQ,0.22
BLFY,Financial Services,Banks - Regional,NMS,0.22
MVT,Financial Services,Asset Management,NYQ,0.22
ARAY,Healthcare,Medical Devices,NMS,0.22
AOUT,Consumer Cyclical,Leisure,NMS,0.22
GENK,Consumer Cyclical,Restaurants,NGM,0.21
GASS,Industrials,Marine Shipping,NMS,0.21
DC,Basic Materials,Gold,ASE,0.21
NAUT,Healthcare,Biotechnology,NMS,0.21
DSX,Industrials,Marine Shipping,NYQ,0.21
ESCA,Consumer Cyclical,Leisure,NGM,0.21
MDWD,Healthcare,Biotechnology,NGM,0.21
WRN,Basic Materials,Other Industrial Metals & Mining,ASE,0.21
EHI,Financial Services,Asset Management,NYQ,0.21
MBCN,Financial Services,Banks - Regional,NCM,0.21
STXS,Healthcare,Medical Instruments & Supplies,ASE,0.21
CEPO,Financial Services,Shell Companies,NGM,0.21
FULC,Healthcare,Biotechnology,NGM,0.21
CIO,Real Estate,REIT - Office,NYQ,0.21
CGEN,Healthcare,Biotechnology,NCM,0.21
PVBC,Financial Services,Banks - Regional,NCM,0.21
FUNC,Financial Services,Banks - Regional,NMS,0.21
GAUZ,Technology,Electronic Components,NGM,0.21
GTE,Energy,Oil & Gas E&P,ASE,0.21
SMID,Basic Materials,Building Materials,NCM,0.21
SRG,Real Estate,Real Estate Services,NYQ,0.21
MFIN,Financial Services,Credit Services,NMS,0.21
SKIN,Consumer Defensive,Household & Personal Products,NCM,0.21
MHI,Financial Services,Asset Management,NYQ,0.21
BRCC,Consumer Defensive,Packaged Foods,NYQ,0.21
KVAC,Financial Services,Shell Companies,NGM,0.21
ESSA,Financial Services,Banks - Regional,NMS,0.21
HSHP,Industrials,Marine Shipping,NYQ,0.21
ELLO,Utilities,Utilities - Renewable,ASE,0.21
KINS,Financial Services,Insurance - Property & Casualty,NCM,0.21
POWW,Industrials,Aerospace & Defense,NCM,0.21
BPRN,Financial Services,Banks - Regional,NMS,0.21
BHR,Real Estate,REIT - Hotel & Motel,NYQ,0.2
DYNXU,Financial Services,Shell Companies,NGM,0.2
VABK,Financial Services,Banks - Regional,NCM,0.2
EP,Energy,Oil & Gas E&P,ASE,0.2
RDCM,Communication Services,Telecom Services,NCM,0.2
MAV,Financial Services,Asset Management,NYQ,0.2
EMX,Basic Materials,Other Industrial Metals & Mining,ASE,0.2
OPBK,Financial Services,Banks - Regional,NGM,0.2
OPP,Financial Services,Asset Management,NYQ,0.2
BCOV,Technology,Software - Application,NMS,0.2
SEVN,Real Estate,REIT - Mortgage,NCM,0.2
CYBN,Healthcare,Biotechnology,ASE,0.2
ESOA,Industrials,Engineering & Construction,NCM,0.2
KRMD,Healthcare,Medical Instruments & Supplies,NCM,0.2
UTMD,Healthcare,Medical Instruments & Supplies,NMS,0.2
BRKH,Financial Services,Shell Companies,NGM,0.2
FFNW,Financial Services,Banks - Regional,NMS,0.2
TRVG,Communication Services,Internet Content & Information,NMS,0.2
ETX,Financial Services,Asset Management,NYQ,0.2
PROP,Energy,Oil & Gas E&P,NCM,0.2
FCCO,Financial Services,Banks - Regional,NCM,0.2
NVNI,Technology,Software - Application,NCM,0.2
MYO,Healthcare,Medical Devices,ASE,0.2
MYFW,Financial Services,Banks - Regional,NMS,0.2
BKN,Financial Services,Asset Management,NYQ,0.2
MXF,Financial Services,Asset Management,NYQ,0.2
TMQ,Basic Materials,Other Industrial Metals & Mining,ASE,0.2
CGBS,Energy,Oil & Gas Integrated,NCM,0.2
CRGO,Industrials,Integrated Freight & Logistics,NCM,0.2
CSPI,Technology,Information Technology Services,NGM,0.2
SLRN,Healthcare,Biotechnology,NMS,0.2
INBX,Healthcare,Biotechnology,NMS,0.2
OBIO,Healthcare,Biotechnology,NGM,0.2
BWAY,Healthcare,Medical Devices,NGM,0.2
SWKH,Financial Services,Asset Management,NGM,0.2
CDTX,Healthcare,Biotechnology,NCM,0.2
MITT,Real Estate,REIT - Mortgage,NYQ,0.2
ISSC,Industrials,Aerospace & Defense,NMS,0.2
FTEL,Consumer Cyclical,Specialty Retail,NCM,0.2
LPBBU,Financial Services,Shell Companies,NGM,0.2
WNEB,Financial Services,Banks - Regional,NMS,0.2
LOGC,Consumer Cyclical,Internet Retail,NMS,0.2
RCKY,Consumer Cyclical,Footwear & Accessories,NMS,0.19
EVC,Communication Services,Advertising Agencies,NYQ,0.19
MRBK,Financial Services,Banks - Regional,NMS,0.19
KNOP,Industrials,Marine Shipping,NYQ,0.19
MRCC,Financial Services,Asset Management,NMS,0.19
ACRV,Healthcare,Biotechnology,NGM,0.19
SMHI,Industrials,Marine Shipping,NYQ,0.19
UAMY,Basic Materials,Other Industrial Metals & Mining,ASE,0.19
ISTR,Financial Services,Banks - Regional,NGM,0.19
EMF,Financial Services,Asset Management,NYQ,0.19
FT,Financial Services,Asset Management,NYQ,0.19
PESI,Industrials,Waste Management,NCM,0.19
MGNX,Healthcare,Biotechnology,NMS,0.19
FSP,Real Estate,REIT - Office,ASE,0.19
LNZA,Industrials,Waste Management,NCM,0.19
NKSH,Financial Services,Banks - Regional,NCM,0.19
HNVR,Financial Services,Banks - Regional,NMS,0.19
CLAR,Consumer Cyclical,Leisure,NMS,0.19
SJT,Energy,Oil & Gas E&P,NYQ,0.19
GNFT,Healthcare,Biotechnology,NMS,0.19
MRT,Technology,Software - Application,ASE,0.19
HMST,Financial Services,Banks - Regional,NMS,0.19
PROF,Healthcare,Medical Devices,NCM,0.19
NVRO,Healthcare,Medical Devices,NYQ,0.19
WIA,Financial Services,Asset Management,NYQ,0.19
FLL,Consumer Cyclical,Resorts & Casinos,NCM,0.19
MOLN,Healthcare,Biotechnology,NMS,0.19
DHF,Financial Services,Asset Management,NYQ,0.19
DMB,Financial Services,Asset Management,NYQ,0.19
OGI,Healthcare,Drug Manufacturers - Specialty & Generic,NMS,0.19
BSL,Financial Services,Asset Management,NYQ,0.19
EARN,Financial Services,Asset Management,NYQ,0.19
RELL,Technology,Electronic Components,NMS,0.19
REKR,Technology,Software - Infrastructure,NCM,0.19
EQC,Real Estate,REIT - Office,NYQ,0.19
HYB,Financial Services,Asset Management,NYQ,0.19
LXEO,Healthcare,Biotechnology,NGM,0.18
BCBP,Financial Services,Banks - Regional,NGM,0.18
ASM,Basic Materials,Other Precious Metals & Mining,ASE,0.18
YIBO,Technology,Computer Hardware,NCM,0.18
INSG,Technology,Communication Equipment,NMS,0.18
LAZR,Consumer Cyclical,Auto Parts,NMS,0.18
PHLT,Healthcare,Health Information Services,NMS,0.18
NOTE,Technology,Information Technology Services,NYQ,0.18
FENC,Healthcare,Biotechnology,NCM,0.18
VBF,Financial Services,Asset Management,NYQ,0.18
KEQU,Consumer Cyclical,"Furnishings, Fixtures & Appliances",NGM,0.18
PROC,Healthcare,Drug Manufacturers - Specialty & Generic,NGM,0.18
CLPR,Real Estate,REIT - Residential,NYQ,0.18
PLX,Healthcare,Biotechnology,ASE,0.18
AVD,Basic Materials,Agricultural Inputs,NYQ,0.18
CMCL,Basic Materials,Gold,ASE,0.18
OXSQ,Financial Services,Asset Management,NMS,0.18
FLC,Financial Services,Asset Management,NYQ,0.18
VIRC,Consumer Cyclical,"Furnishings, Fixtures & Appliances",NGM,0.18
JRVR,Financial Services,Insurance - Specialty,NMS,0.18
NWTN,Consumer Cyclical,Auto Manufacturers,NCM,0.18
PLL,Basic Materials,Other Industrial Metals & Mining,NCM,0.18
DLNG,Energy,Oil & Gas Midstream,NYQ,0.18
CCRD,Technology,Software - Application,NYQ,0.18
BRLT,Consumer Cyclical,Luxury Goods,NGM,0.18
WBX,Technology,Electronic Components,NYQ,0.18
SPKL,Financial Services,Shell Companies,NGM,0.18
BEEP,Industrials,Infrastructure Operations,ASE,0.18
ACTU,Healthcare,Biotechnology,NGM,0.18
UMAC,Financial Services,Shell Companies,ASE,0.18
AFCG,Real Estate,REIT - Mortgage,NGM,0.18
VOR,Healthcare,Biotechnology,NMS,0.18
NEGG,Consumer Cyclical,Internet Retail,NCM,0.18
ITRG,Basic Materials,Other Precious Metals & Mining,ASE,0.18
PLBY,Consumer Cyclical,Leisure,NGM,0.18
EPM,Energy,Oil & Gas E&P,ASE,0.18
VPV,Financial Services,Asset Management,NYQ,0.18
HQI,Industrials,Staffing & Employment Services,NCM,0.18
TTEC,Technology,Information Technology Services,NMS,0.18
ELA,Consumer Cyclical,Luxury Goods,ASE,0.18
AKA,Consumer Cyclical,Apparel Retail,NYQ,0.18
AMWL,Healthcare,Health Information Services,NYQ,0.18
PCK,Financial Services,Asset Management,NYQ,0.18
INFU,Healthcare,Medical Instruments & Supplies,ASE,0.17
STIM,Healthcare,Diagnostics & Research,NGM,0.17
TROO,Technology,Software - Application,NCM,0.17
SKGR,Financial Services,Shell Companies,NGM,0.17
GLSI,Healthcare,Biotechnology,NCM,0.17
INSI,Financial Services,Asset Management,NYQ,0.17
MPTI,Technology,Electronic Components,ASE,0.17
LYEL,Healthcare,Biotechnology,NMS,0.17
BFIN,Financial Services,Banks - Regional,NMS,0.17
JYNT,Healthcare,Medical Care Facilities,NCM,0.17
ADUR,Industrials,Pollution & Treatment Controls,NCM,0.17
NBTX,Healthcare,Biotechnology,NMS,0.17
ADCT,Healthcare,Biotechnology,NYQ,0.17
OPRT,Financial Services,Credit Services,NMS,0.17
ALEC,Healthcare,Biotechnology,NMS,0.17
SSTI,Technology,Software - Application,NCM,0.17
SKYX,Industrials,Electrical Equipment & Parts,NCM,0.17
NXG,Financial Services,Asset Management,NYQ,0.17
RMBL,Consumer Cyclical,Auto & Truck Dealerships,NCM,0.17
EML,Industrials,Tools & Accessories,NGM,0.17
VOXX,Technology,Consumer Electronics,NMS,0.17
MPV,Financial Services,Asset Management,NYQ,0.17
EGAN,Technology,Software - Application,NCM,0.17
UBFO,Financial Services,Banks - Regional,NMS,0.17
TCX,Technology,Software - Infrastructure,NCM,0.17
TARA,Healthcare,Biotechnology,NGM,0.17
IDR,Basic Materials,Gold,ASE,0.17
SCPH,Healthcare,Biotechnology,NMS,0.17
FSFG,Financial Services,Banks - Regional,NCM,0.17
REE,Consumer Cyclical,Auto Parts,NCM,0.17
ENX,Financial Services,Asset Management,ASE,0.17
MED,Consumer Cyclical,Personal Services,NYQ,0.17
GRO,Basic Materials,Other Industrial Metals & Mining,ASE,0.17
ONDS,Technology,Communication Equipment,NCM,0.17
BZUN,Consumer Cyclical,Internet Retail,NMS,0.17
PCQ,Financial Services,Asset Management,NYQ,0.17
NKTX,Healthcare,Biotechnology,NMS,0.17
CRGX,Healthcare,Biotechnology,NMS,0.17
PSQH,Technology,Software - Application,NYQ,0.17
BTOC,Industrials,Integrated Freight & Logistics,NGM,0.17
SAMG,Financial Services,Asset Management,NGM,0.17
NAMI,Communication Services,Internet Content & Information,NCM,0.16
IDE,Financial Services,Asset Management,NYQ,0.16
ATLO,Financial Services,Banks - Regional,NCM,0.16
CZWI,Financial Services,Banks - Regional,NGM,0.16
NUKK,Technology,Software - Application,NGM,0.16
GLDG,Basic Materials,Gold,ASE,0.16
QRTEA,Consumer Cyclical,Internet Retail,NCM,0.16
QRTEB,Consumer Cyclical,Internet Retail,NCM,0.16
SPE,Financial Services,Asset Management,NYQ,0.16
XNET,Technology,Software - Infrastructure,NMS,0.16
ADAP,Healthcare,Biotechnology,NMS,0.16
STRS,Real Estate,Real Estate - Diversified,NMS,0.16
BGX,Financial Services,Asset Management,NYQ,0.16
NRO,Financial Services,Asset Management,NYQ,0.16
BIOA,Healthcare,Drug Manufacturers - Specialty & Generic,NMS,0.16
TEAF,Financial Services,Asset Management,NYQ,0.16
BVFL,Financial Services,Banks - Regional,NCM,0.16
IZTC,Healthcare,Biotechnology,NCM,0.16
DYNX,Financial Services,Shell Companies,NGM,0.16
BOOM,Industrials,Conglomerates,NMS,0.16
IBAC,Financial Services,Shell Companies,NGM,0.16
CDLX,Communication Services,Advertising Agencies,NGM,0.16
CXDO,Communication Services,Telecom Services,NCM,0.16
CFBK,Financial Services,Banks - Regional,NCM,0.16
CBNA,Financial Services,Banks - Regional,NYQ,0.16
DOUG,Real Estate,Real Estate Services,NYQ,0.16
CHGG,Consumer Defensive,Education & Training Services,NYQ,0.16
STRO,Healthcare,Biotechnology,NGM,0.16
GRX,Financial Services,Asset Management,NYQ,0.16
TWIN,Industrials,Specialty Industrial Machinery,NMS,0.16
NIU,Consumer Cyclical,Auto Manufacturers,NGM,0.16
MHH,Industrials,Staffing & Employment Services,ASE,0.16
PTMN,Financial Services,Asset Management,NMS,0.16
FCEL,Industrials,Electrical Equipment & Parts,NGM,0.16
FEIM,Technology,Communication Equipment,NGM,0.16
HCVI,Financial Services,Shell Companies,NGM,0.16
PIM,Financial Services,Asset Management,NYQ,0.16
PHH,Consumer Defensive,Household & Personal Products,NCM,0.16
BMN,Financial Services,Asset Management,NYQ,0.16
TLSI,Healthcare,Medical Devices,NGM,0.16
CLLS,Healthcare,Biotechnology,NGM,0.16
CIK,Financial Services,Asset Management,NYQ,0.16
VGAS,Utilities,Utilities - Renewable,NCM,0.16
IKT,Healthcare,Biotechnology,NCM,0.16
AXR,Real Estate,Real Estate - Development,NYQ,0.16
MSD,Financial Services,Asset Management,NYQ,0.16
SSP,Communication Services,Broadcasting,NMS,0.16
SLND,Industrials,Engineering & Construction,ASE,0.16
CSBR,Healthcare,Biotechnology,NCM,0.15
AKYA,Healthcare,Medical Instruments & Supplies,NMS,0.15
AISP,Technology,Software - Infrastructure,NGM,0.15
CSTE,Industrials,Building Products & Equipment,NMS,0.15
FBYD,Industrials,Conglomerates,NGM,0.15
III,Technology,Information Technology Services,NGM,0.15
SRI,Consumer Cyclical,Auto Parts,NYQ,0.15
FATE,Healthcare,Biotechnology,NGM,0.15
BAER,Industrials,Security & Protection Services,NGM,0.15
NKTR,Healthcare,Biotechnology,NCM,0.15
MHF,Financial Services,Asset Management,NYQ,0.15
VXRT,Healthcare,Biotechnology,NCM,0.15
VTN,Financial Services,Asset Management,NYQ,0.15
TOYO,Technology,Solar,NCM,0.15
VATE,Industrials,Engineering & Construction,NYQ,0.15
LTRX,Technology,Communication Equipment,NCM,0.15
FRAF,Financial Services,Banks - Regional,NCM,0.15
TIL,Healthcare,Biotechnology,NCM,0.15
OCCI,Financial Services,Asset Management,NGM,0.15
ISRL,Financial Services,Shell Companies,NGM,0.15
NNY,Financial Services,Asset Management,NYQ,0.15
SUNS,Real Estate,REIT - Mortgage,NCM,0.15
IPHA,Healthcare,Biotechnology,NMS,0.15
BDTX,Healthcare,Biotechnology,NMS,0.15
PZC,Financial Services,Asset Management,NYQ,0.15
HFFG,Consumer Defensive,Food Distribution,NCM,0.15
BANX,Financial Services,Asset Management,NGM,0.15
EVG,Financial Services,Asset Management,NYQ,0.15
UFG,Industrials,Marine Shipping,NCM,0.15
BETR,Financial Services,Mortgage Finance,NGM,0.15
BDSX,Healthcare,Diagnostics & Research,NGM,0.15
BMEA,Healthcare,Biotechnology,NMS,0.15
NNBR,Industrials,Conglomerates,NMS,0.15
RENE,Financial Services,Shell Companies,NGM,0.15
RAPT,Healthcare,Biotechnology,NGM,0.15
MX,Technology,Semiconductors,NYQ,0.15
GPRO,Technology,Consumer Electronics,NMS,0.15
DMF,Financial Services,Asset Management,ASE,0.15
TSE,Basic Materials,Specialty Chemicals,NYQ,0.15
SBFG,Financial Services,Banks - Regional,NCM,0.15
IGA,Financial Services,Asset Management,NYQ,0.15
TCRX,Healthcare,Biotechnology,NGM,0.15
NCTY,Financial Services,Capital Markets,NCM,0.15
CBFV,Financial Services,Banks - Regional,NGM,0.15
PEBK,Financial Services,Banks - Regional,NGM,0.15
DXLG,Consumer Cyclical,Apparel Retail,NGM,0.15
EDF,Financial Services,Asset Management,NYQ,0.15
STRT,Consumer Cyclical,Auto Parts,NGM,0.15
RCMT,Industrials,Conglomerates,NGM,0.15
MPA,Financial Services,Asset Management,NYQ,0.15
HURC,Industrials,Specialty Industrial Machinery,NMS,0.14
RPT,Real Estate,REIT - Mortgage,NYQ,0.14
TELO,Healthcare,Biotechnology,NCM,0.14
PFD,Financial Services,Asset Management,NYQ,0.14
FTLF,Consumer Defensive,Packaged Foods,NCM,0.14
TSVT,Healthcare,Biotechnology,NMS,0.14
BWG,Financial Services,Asset Management,NYQ,0.14
WAVS,Financial Services,Shell Companies,NCM,0.14
LTBR,Industrials,Electrical Equipment & Parts,NCM,0.14
FRGE,Financial Services,Capital Markets,NYQ,0.14
RMBI,Financial Services,Banks - Regional,NCM,0.14
RILY,Financial Services,Financial Conglomerates,NGM,0.14
NOTV,Healthcare,Diagnostics & Research,NCM,0.14
VERI,Technology,Software - Infrastructure,NGM,0.14
LCTX,Healthcare,Biotechnology,ASE,0.14
PHX,Energy,Oil & Gas E&P,NYQ,0.14
VTYX,Healthcare,Biotechnology,NMS,0.14
CSLR,Technology,Solar,NGM,0.14
SRV,Financial Services,Asset Management,NYQ,0.14
CHRS,Healthcare,Biotechnology,NGM,0.14
HOFT,Consumer Cyclical,"Furnishings, Fixtures & Appliances",NMS,0.14
GF,Financial Services,Asset Management,NYQ,0.14
GGT,Financial Services,Asset Management,NYQ,0.14
MMLP,Energy,Oil & Gas Midstream,NMS,0.14
LCUT,Consumer Cyclical,"Furnishings, Fixtures & Appliances",NMS,0.14
LARK,Financial Services,Banks - Regional,NGM,0.14
TUSK,Industrials,Conglomerates,NMS,0.14
IFRX,Healthcare,Biotechnology,NMS,0.14
DIBS,Consumer Cyclical,Internet Retail,NGM,0.14
SHIP,Industrials,Marine Shipping,NCM,0.14
SGMT,Healthcare,Biotechnology,NGM,0.14
SGHT,Healthcare,Medical Devices,NMS,0.14
KYTX,Healthcare,Biotechnology,NMS,0.14
GPMT,Real Estate,REIT - Mortgage,NYQ,0.14
PBYI,Healthcare,Biotechnology,NMS,0.14
CURI,Communication Services,Broadcasting,NCM,0.14
PAYS,Technology,Software - Infrastructure,NCM,0.14
CKPT,Healthcare,Biotechnology,NCM,0.14
TSQ,Communication Services,Advertising Agencies,NYQ,0.14
ECF,Financial Services,Asset Management,ASE,0.14
DHX,Technology,Software - Application,NYQ,0.14
WHG,Financial Services,Asset Management,NYQ,0.14
NEON,Technology,Electronic Components,NCM,0.14
NAZ,Financial Services,Asset Management,NYQ,0.14
SEER,Healthcare,Biotechnology,NMS,0.14
UNB,Financial Services,Banks - Regional,NGM,0.14
NTCL,Technology,Software - Application,NCM,0.14
LVO,Communication Services,Entertainment,NCM,0.14
QIPT,Healthcare,Medical Devices,NCM,0.14
MCRB,Healthcare,Biotechnology,NMS,0.14
MCN,Financial Services,Asset Management,NYQ,0.14
MDV,Real Estate,REIT - Industrial,NYQ,0.14
SLNG,Energy,Oil & Gas Integrated,NCM,0.14
SPCE,Industrials,Aerospace & Defense,NYQ,0.14
ZJYL,Healthcare,Medical Instruments & Supplies,NCM,0.14
ACR,Real Estate,REIT - Mortgage,NYQ,0.14
ORGN,Basic Materials,Chemicals,NCM,0.14
ACU,Consumer Defensive,Household & Personal Products,ASE,0.14
GNLX,Healthcare,Biotechnology,NCM,0.14
GNSS,Technology,Scientific & Technical Instruments,NCM,0.14
LFT,Real Estate,REIT - Mortgage,NYQ,0.14
GLQ,Financial Services,Asset Management,ASE,0.13
CMCM,Communication Services,Internet Content & Information,NYQ,0.13
ULBI,Industrials,Electrical Equipment & Parts,NGM,0.13
QMCO,Technology,Computer Hardware,NGM,0.13
VFL,Financial Services,Asset Management,NYQ,0.13
RSSS,Technology,Software - Application,NCM,0.13
BW,Industrials,Specialty Industrial Machinery,NYQ,0.13
CTGO,Basic Materials,Gold,ASE,0.13
SRTS,Healthcare,Medical Devices,NCM,0.13
BRAG,Consumer Cyclical,Gambling,NMS,0.13
SSSS,Financial Services,Asset Management,NMS,0.13
CRBU,Healthcare,Biotechnology,NMS,0.13
SLDB,Healthcare,Biotechnology,NMS,0.13
BTA,Financial Services,Asset Management,NYQ,0.13
BSET,Consumer Cyclical,"Furnishings, Fixtures & Appliances",NMS,0.13
OCFT,Technology,Software - Application,NYQ,0.13
WEA,Financial Services,Asset Management,NYQ,0.13
TLYS,Consumer Cyclical,Apparel Retail,NYQ,0.13
EUDA,Healthcare,Health Information Services,NCM,0.13
ALTO,Basic Materials,Specialty Chemicals,NCM,0.13
WLGS,Industrials,Engineering & Construction,NCM,0.13
MRAM,Technology,Semiconductors,NGM,0.13
EPSN,Energy,Oil & Gas E&P,NGM,0.13
PCF,Financial Services,Asset Management,NYQ,0.13
PCLA,Communication Services,Telecom Services,NCM,0.13
CLYM,Healthcare,Biotechnology,NGM,0.13
SLS,Healthcare,Biotechnology,NCM,0.13
YAAS,Technology,Software - Application,NCM,0.13
MAMO,Consumer Cyclical,Recreational Vehicles,NCM,0.13
LNSR,Healthcare,Medical Devices,NCM,0.13
ZENV,Technology,Software - Application,NCM,0.13
CMT,Basic Materials,Specialty Chemicals,ASE,0.13
JHS,Financial Services,Asset Management,NYQ,0.13
PLCE,Consumer Cyclical,Apparel Manufacturing,NMS,0.13
PLG,Basic Materials,Other Precious Metals & Mining,ASE,0.13
HEQ,Financial Services,Asset Management,NYQ,0.13
MOBBW,Technology,Communication Equipment,NCM,0.13
MPAA,Consumer Cyclical,Auto Parts,NMS,0.13
FGBI,Financial Services,Banks - Regional,NGM,0.13
ARTV,Healthcare,Biotechnology,NGM,0.13
DMO,Financial Services,Asset Management,NYQ,0.13
UEIC,Technology,Consumer Electronics,NMS,0.13
NVCT,Healthcare,Biotechnology,NCM,0.13
SFBC,Financial Services,Banks - Regional,NCM,0.13
GAIA,Communication Services,Entertainment,NGM,0.13
MNSB,Financial Services,Banks - Regional,NCM,0.13
LPSN,Technology,Software - Application,NMS,0.13
USGO,Basic Materials,Other Industrial Metals & Mining,NCM,0.12
QH,Technology,Software - Application,NGM,0.12
CABA,Healthcare,Biotechnology,NMS,0.12
QSG,Consumer Defensive,Education & Training Services,NGM,0.12
UPLD,Technology,Software - Application,NGM,0.12
EBMT,Financial Services,Banks - Regional,NGM,0.12
PHD,Financial Services,Asset Management,NYQ,0.12
CAAS,Consumer Cyclical,Auto Parts,NCM,0.12
PPIH,Industrials,Building Products & Equipment,NGM,0.12
QUIK,Technology,Semiconductors,NCM,0.12
ZURA,Healthcare,Biotechnology,NCM,0.12
ZTEK,Healthcare,Medical Instruments & Supplies,NCM,0.12
PAI,Financial Services,Asset Management,NYQ,0.12
OPOF,Financial Services,Banks - Regional,NCM,0.12
ZOM,Healthcare,Medical Devices,ASE,0.12
XFOR,Healthcare,Biotechnology,NCM,0.12
GEOS,Energy,Oil & Gas Equipment & Services,NMS,0.12
PFO,Financial Services,Asset Management,NYQ,0.12
TOUR,Consumer Cyclical,Travel Services,NGM,0.12
QRHC,Industrials,Waste Management,NCM,0.12
CRBP,Healthcare,Biotechnology,NCM,0.12
CRDL,Healthcare,Drug Manufacturers - Specialty & Generic,NCM,0.12
BRLS,Consumer Defensive,Packaged Foods,NCM,0.12
RVSB,Financial Services,Banks - Regional,NMS,0.12
ANRO,Healthcare,Biotechnology,NYQ,0.12
LSE,Energy,Oil & Gas Equipment & Services,NCM,0.12
IAF,Financial Services,Asset Management,NYQ,0.12
PRPL,Consumer Cyclical,"Furnishings, Fixtures & Appliances",NMS,0.12
GATE,Financial Services,Shell Companies,NCM,0.12
WMPN,Financial Services,Banks - Regional,NCM,0.12
GECC,Financial Services,Asset Management,NGM,0.12
UFI,Consumer Cyclical,Textile Manufacturing,NYQ,0.12
ECBK,Financial Services,Banks - Regional,NCM,0.12
BLNK,Industrials,Engineering & Construction,NCM,0.12
STKS,Consumer Cyclical,Restaurants,NCM,0.12
CXE,Financial Services,Asset Management,NYQ,0.12
CGTL,Consumer Cyclical,Specialty Retail,NCM,0.12
VOXR,Basic Materials,Other Precious Metals & Mining,NCM,0.12
LPTH,Technology,Electronic Components,NCM,0.12
CCIF,Financial Services,Asset Management,NYQ,0.12
PDEX,Healthcare,Medical Instruments & Supplies,NCM,0.12
NEOV,Industrials,Electrical Equipment & Parts,NCM,0.12
VBFC,Financial Services,Banks - Regional,NCM,0.12
GIFI,Industrials,Metal Fabrication,NMS,0.12
ZNTL,Healthcare,Biotechnology,NGM,0.12
GGR,Consumer Cyclical,Auto Manufacturers,NMS,0.12
RENB,Healthcare,Biotechnology,NCM,0.12
BKTI,Technology,Communication Equipment,ASE,0.12
JHI,Financial Services,Asset Management,NYQ,0.12
AFBI,Financial Services,Banks - Regional,NCM,0.12
CHN,Financial Services,Asset Management,NYQ,0.12
SIEB,Financial Services,Capital Markets,NCM,0.12
STHO,Real Estate,Real Estate Services,NGM,0.12
KVHI,Technology,Communication Equipment,NMS,0.12
PLAO,Financial Services,Shell Companies,NGM,0.12
VCSA,Consumer Cyclical,Travel Services,NMS,0.11
ACHV,Healthcare,Biotechnology,NCM,0.11
COE,Consumer Defensive,Education & Training Services,ASE,0.11
SKLZ,Communication Services,Electronic Gaming & Multimedia,NYQ,0.11
FCAP,Financial Services,Banks - Regional,NCM,0.11
VEEA,Technology,Information Technology Services,NGM,0.11
EVF,Financial Services,Asset Management,NYQ,0.11
ECOR,Healthcare,Medical Devices,NCM,0.11
OFS,Financial Services,Asset Management,NMS,0.11
BROG,Energy,Oil & Gas Midstream,NCM,0.11
MSW,Industrials,Engineering & Construction,NCM,0.11
XBIT,Healthcare,Biotechnology,NMS,0.11
INTT,Technology,Semiconductor Equipment & Materials,ASE,0.11
FRD,Basic Materials,Steel,ASE,0.11
LGCY,Consumer Defensive,Education & Training Services,ASE,0.11
DTI,Energy,Oil & Gas Equipment & Services,NCM,0.11
SILC,Technology,Communication Equipment,NMS,0.11
RDZN,Technology,Software - Application,NGM,0.11
NMT,Financial Services,Asset Management,NYQ,0.11
SWZ,Financial Services,Asset Management,NYQ,0.11
ELTX,Healthcare,Biotechnology,NCM,0.11
PLMJ,Financial Services,Shell Companies,NCM,0.11
FNWD,Financial Services,Banks - Regional,NCM,0.11
OVBC,Financial Services,Banks - Regional,NGM,0.11
LGO,Basic Materials,Other Industrial Metals & Mining,NMS,0.11
CPHC,Consumer Cyclical,Gambling,NGM,0.11
ACNT,Basic Materials,Steel,NGM,0.11
ATOS,Healthcare,Biotechnology,NCM,0.11
ELUT,Healthcare,Medical Devices,NCM,0.11
NA,Technology,Semiconductors,NCM,0.11
SBI,Financial Services,Asset Management,NYQ,0.11
BCV,Financial Services,Asset Management,ASE,0.11
PROV,Financial Services,Banks - Regional,NMS,0.11
AZI,Consumer Cyclical,Auto & Truck Dealerships,NGM,0.11
SRBK,Financial Services,Banks - Regional,NCM,0.11
SRL,Financial Services,Capital Markets,NYQ,0.11
NTIC,Basic Materials,Specialty Chemicals,NGM,0.11
EDIT,Healthcare,Biotechnology,NMS,0.11
MIST,Healthcare,Biotechnology,NMS,0.11
SVII,Financial Services,Shell Companies,NGM,0.11
SAVA,Healthcare,Biotechnology,NCM,0.11
CGO,Financial Services,Asset Management,NGM,0.11
ENTA,Healthcare,Biotechnology,NMS,0.11
NIM,Financial Services,Asset Management,NYQ,0.11
BKKT,Technology,Software - Infrastructure,NYQ,0.11
AMTX,Energy,Oil & Gas Refining & Marketing,NGM,0.11
EPRX,Healthcare,Biotechnology,NCM,0.11
SNCR,Technology,Software - Infrastructure,NCM,0.11
RBKB,Financial Services,Banks - Regional,NCM,0.11
DGHI,Financial Services,Capital Markets,NCM,0.11
DLHC,Industrials,Specialty Business Services,NCM,0.11
CEP,Financial Services,Shell Companies,NGM,0.11
BSBK,Financial Services,Banks - Regional,NCM,0.1
PIII,Healthcare,Medical Care Facilities,NCM,0.1
RRGB,Consumer Cyclical,Restaurants,NMS,0.1
PWUP,Financial Services,Shell Companies,NGM,0.1
FNWB,Financial Services,Banks - Regional,NGM,0.1
PFX,Financial Services,Asset Management,NGM,0.1
HLVX,Healthcare,Biotechnology,NMS,0.1
DSY,Consumer Defensive,Household & Personal Products,NGM,0.1
SKYE,Healthcare,Biotechnology,NGM,0.1
AE,Energy,Oil & Gas Refining & Marketing,ASE,0.1
OPRX,Healthcare,Health Information Services,NCM,0.1
OPTT,Industrials,Specialty Industrial Machinery,ASE,0.1
PPYA,Financial Services,Shell Companies,NCM,0.1
MAXN,Technology,Solar,NMS,0.1
EVGR,Financial Services,Shell Companies,NGM,0.1
HNW,Financial Services,Asset Management,NYQ,0.1
HNNA,Financial Services,Asset Management,NGM,0.1
VIGL,Healthcare,Biotechnology,NMS,0.1
PETS,Healthcare,Pharmaceutical Retailers,NMS,0.1
THCH,Consumer Cyclical,Restaurants,NCM,0.1
MLSS,Healthcare,Medical Instruments & Supplies,ASE,0.1
DLTH,Consumer Cyclical,Apparel Retail,NMS,0.1
STEM,Utilities,Utilities - Renewable,NYQ,0.1
VRA,Consumer Cyclical,Footwear & Accessories,NMS,0.1
TBMC,Financial Services,Shell Companies,NGM,0.1
TAYD,Industrials,Specialty Industrial Machinery,NCM,0.1
ATLX,Basic Materials,Other Industrial Metals & Mining,NCM,0.1
SATX,Technology,Communication Equipment,ASE,0.1
IGI,Financial Services,Asset Management,NYQ,0.1
IMPP,Energy,Oil & Gas Midstream,NCM,0.1
NB,Basic Materials,Other Industrial Metals & Mining,NGM,0.1
NMI,Financial Services,Asset Management,NYQ,0.1
GDL,Financial Services,Asset Management,NYQ,0.1
CHMI,Real Estate,REIT - Mortgage,NYQ,0.1
MNOV,Healthcare,Biotechnology,NGM,0.1
MHLD,Financial Services,Insurance - Reinsurance,NCM,0.1
MGX,Healthcare,Biotechnology,NMS,0.1
CAMP,Healthcare,Biotechnology,NGM,0.1
TELA,Healthcare,Medical Devices,NGM,0.1
PBHC,Financial Services,Banks - Regional,NCM,0.1
ELVA,Industrials,Electrical Equipment & Parts,NCM,0.1
MGF,Financial Services,Asset Management,NYQ,0.1
JLS,Financial Services,Asset Management,NYQ,0.1
KNDI,Consumer Cyclical,Auto Parts,NMS,0.1
FONR,Healthcare,Diagnostics & Research,NCM,0.1
ERH,Financial Services,Asset Management,ASE,0.1
GLAC,Financial Services,Shell Companies,NGM,0.1
AFJK,Financial Services,Shell Companies,NGM,0.1
COYA,Healthcare,Biotechnology,NCM,0.1
SOL,Technology,Solar,NYQ,0.1
SND,Energy,Oil & Gas Equipment & Services,NMS,0.1
CNTY,Consumer Cyclical,Resorts & Casinos,NCM,0.1
FBRX,Healthcare,Biotechnology,NCM,0.1
GGZ,Financial Services,Asset Management,NYQ,0.1
GCTS,Technology,Semiconductors,NYQ,0.1
WW,Consumer Cyclical,Personal Services,NMS,0.09
MASS,Healthcare,Medical Devices,NGM,0.09
AVTX,Healthcare,Biotechnology,NCM,0.09
WRAP,Technology,Scientific & Technical Instruments,NCM,0.09
AGEN,Healthcare,Biotechnology,NCM,0.09
BKHA,Financial Services,Shell Companies,NGM,0.09
ORMP,Healthcare,Biotechnology,NCM,0.09
CNF,Financial Services,Mortgage Finance,NYQ,0.09
LINK,Technology,Electronic Components,NCM,0.09
XTNT,Healthcare,Medical Devices,ASE,0.09
ADVM,Healthcare,Biotechnology,NCM,0.09
YXT,Technology,Software - Application,NGM,0.09
CODA,Industrials,Aerospace & Defense,NCM,0.09
GNT,Financial Services,Asset Management,NYQ,0.09
ZENA,Technology,Software - Infrastructure,NCM,0.09
RECT,Consumer Cyclical,Specialty Retail,NCM,0.09
SNT,Industrials,Security & Protection Services,NGM,0.09
HSPO,Financial Services,Shell Companies,NCM,0.09
CMU,Financial Services,Asset Management,NYQ,0.09
PAVS,Consumer Defensive,Packaged Foods,NCM,0.09
ASMB,Healthcare,Biotechnology,NMS,0.09
CBAT,Industrials,Electrical Equipment & Parts,NCM,0.09
SY,Healthcare,Health Information Services,NGM,0.09
IH,Consumer Defensive,Education & Training Services,NYQ,0.09
SHMD,Industrials,Specialty Industrial Machinery,NGM,0.09
SHIM,Industrials,Engineering & Construction,NCM,0.09
GLU,Financial Services,Asset Management,ASE,0.09
VMCA,Financial Services,Shell Companies,NGM,0.09
WIMI,Communication Services,Advertising Agencies,NGM,0.09
FOSL,Consumer Cyclical,Footwear & Accessories,NMS,0.09
FSHP,Financial Services,Shell Companies,NGM,0.09
DBVT,Healthcare,Biotechnology,NCM,0.09
WKEY,Technology,Semiconductors,NGM,0.09
IMAB,Healthcare,Biotechnology,NGM,0.09
MDXH,Healthcare,Diagnostics & Research,NCM,0.09
ALTS,Technology,Software - Application,NCM,0.09
GAN,Consumer Cyclical,Gambling,NCM,0.09
VGI,Financial Services,Asset Management,NYQ,0.09
NTRB,Healthcare,Biotechnology,NCM,0.09
IVCA,Financial Services,Shell Companies,NGM,0.09
MCHX,Communication Services,Advertising Agencies,NMS,0.09
INZY,Healthcare,Biotechnology,NMS,0.09
THM,Basic Materials,Gold,ASE,0.09
EDAP,Healthcare,Medical Distribution,NGM,0.09
HLP,Basic Materials,Steel,NCM,0.09
BYNO,Financial Services,Shell Companies,NCM,0.09
WCT,Technology,Software - Application,NCM,0.09
ABOS,Healthcare,Biotechnology,NMS,0.09
IROH,Financial Services,Shell Companies,NGM,0.09
ANIX,Healthcare,Biotechnology,NCM,0.09
BZFD,Communication Services,Internet Content & Information,NCM,0.09
DYCQ,Financial Services,Shell Companies,NGM,0.09
IMUX,Healthcare,Biotechnology,NMS,0.09
GUTS,Healthcare,Biotechnology,NGM,0.09
PYXS,Healthcare,Biotechnology,NMS,0.09
GORV,Consumer Cyclical,Auto & Truck Dealerships,NCM,0.09
STG,Consumer Defensive,Education & Training Services,NYQ,0.09
ENTX,Healthcare,Biotechnology,NCM,0.09
LODE,Basic Materials,Other Precious Metals & Mining,ASE,0.09
ALOT,Technology,Computer Hardware,NGM,0.09
ALGS,Healthcare,Biotechnology,NCM,0.09
MGRM,Healthcare,Medical Devices,NCM,0.09
MGYR,Financial Services,Banks - Regional,NGM,0.09
NOEMU,Financial Services,Shell Companies,NGM,0.09
TRX,Basic Materials,Gold,ASE,0.09
CBUS,Healthcare,Biotechnology,NCM,0.09
BRID,Consumer Defensive,Packaged Foods,NGM,0.09
IHD,Financial Services,Asset Management,NYQ,0.09
IGMS,Healthcare,Biotechnology,NMS,0.09
DTSQ,Financial Services,Shell Companies,NGM,0.09
IVAC,Industrials,Specialty Industrial Machinery,NMS,0.09
CUE,Healthcare,Biotechnology,NCM,0.09
AXTI,Technology,Semiconductor Equipment & Materials,NMS,0.09
JSPR,Healthcare,Biotechnology,NCM,0.09
KF,Financial Services,Asset Management,NYQ,0.09
VFF,Consumer Defensive,Farm Products,NCM,0.09
VIOT,Consumer Cyclical,"Furnishings, Fixtures & Appliances",NMS,0.09
KLXE,Energy,Oil & Gas Equipment & Services,NMS,0.09
FMN,Financial Services,Asset Management,NYQ,0.09
USAU,Basic Materials,Gold,NCM,0.09
HUHU,Industrials,Specialty Industrial Machinery,NCM,0.09
RVPH,Healthcare,Biotechnology,NCM,0.09
LSBK,Financial Services,Banks - Regional,NGM,0.09
CTOR,Healthcare,Drug Manufacturers - Specialty & Generic,NCM,0.09
PGP,Financial Services,Asset Management,NYQ,0.09
OPTX,Technology,Electronic Components,NCM,0.08
AIRG,Technology,Communication Equipment,NCM,0.08
RANI,Healthcare,Biotechnology,NGM,0.08
SQNS,Technology,Semiconductors,NYQ,0.08
SOHON,Real Estate,REIT - Hotel & Motel,NGM,0.08
SOHOO,Real Estate,REIT - Hotel & Motel,NGM,0.08
SMXT,Technology,Solar,NGM,0.08
SNAL,Communication Services,Electronic Gaming & Multimedia,NCM,0.08
SPWH,Consumer Cyclical,Specialty Retail,NMS,0.08
SOHOB,Real Estate,REIT - Hotel & Motel,NGM,0.08
KPTI,Healthcare,Biotechnology,NMS,0.08
YSXT,Industrials,Specialty Business Services,NCM,0.08
NXC,Financial Services,Asset Management,NYQ,0.08
VERU,Healthcare,Biotechnology,NCM,0.08
AITR,Financial Services,Shell Companies,NCM,0.08
GCV,Financial Services,Asset Management,NYQ,0.08
CEE,Financial Services,Asset Management,NYQ,0.08
EPIX,Healthcare,Biotechnology,NCM,0.08
MCTR,Communication Services,Advertising Agencies,NCM,0.08
OKUR,Healthcare,Biotechnology,NGM,0.08
RBOT,Healthcare,Medical Devices,NYQ,0.08
GDO,Financial Services,Asset Management,NYQ,0.08
DIT,Consumer Defensive,Food Distribution,ASE,0.08
DTF,Financial Services,Asset Management,NYQ,0.08
HYPR,Healthcare,Medical Devices,NGM,0.08
TPIC,Industrials,Specialty Industrial Machinery,NGM,0.08
DERM,Healthcare,Drug Manufacturers - Specialty & Generic,NCM,0.08
SUUN,Utilities,Utilities - Renewable,NGM,0.08
CVGI,Consumer Cyclical,Auto Parts,NMS,0.08
DTSQU,Financial Services,Shell Companies,NGM,0.08
WPRT,Consumer Cyclical,Auto Parts,NMS,0.08
SFWL,Industrials,Integrated Freight & Logistics,NCM,0.08
HGBL,Financial Services,Capital Markets,NCM,0.08
LEE,Communication Services,Publishing,NMS,0.08
ME,Healthcare,Diagnostics & Research,NCM,0.08
GRWG,Consumer Cyclical,Specialty Retail,NCM,0.08
ALXO,Healthcare,Biotechnology,NMS,0.08
GALT,Healthcare,Biotechnology,NCM,0.08
BLUE,Healthcare,Biotechnology,NMS,0.08
PCM,Financial Services,Asset Management,NYQ,0.08
SCLX,Healthcare,Drug Manufacturers - General,NCM,0.08
PNI,Financial Services,Asset Management,NYQ,0.08
ATMC,Financial Services,Shell Companies,NGM,0.08
ESP,Industrials,Electrical Equipment & Parts,ASE,0.08
CHCI,Real Estate,Real Estate - Diversified,NCM,0.08
SGA,Communication Services,Broadcasting,NGM,0.08
TISI,Industrials,Specialty Business Services,NYQ,0.08
DM,Technology,Computer Hardware,NYQ,0.08
MAYS,Real Estate,Real Estate Services,NCM,0.08
ASRT,Healthcare,Drug Manufacturers - Specialty & Generic,NCM,0.08
AUBN,Financial Services,Banks - Regional,NGM,0.08
AUID,Technology,Software - Infrastructure,NCM,0.08
JVSA,Financial Services,Shell Companies,NCM,0.08
FCO,Financial Services,Asset Management,ASE,0.08
TNYA,Healthcare,Biotechnology,NMS,0.08
DMA,Financial Services,Asset Management,NYQ,0.08
VTGN,Healthcare,Biotechnology,NCM,0.08
FSI,Basic Materials,Specialty Chemicals,ASE,0.08
TNXP,Healthcare,Biotechnology,NCM,0.08
TOI,Healthcare,Medical Care Facilities,NCM,0.08
PHUN,Technology,Software - Application,NCM,0.08
LATG,Financial Services,Shell Companies,NGM,0.08
ICAD,Healthcare,Medical Devices,NCM,0.08
USEG,Energy,Oil & Gas E&P,NCM,0.08
MRSN,Healthcare,Biotechnology,NMS,0.08
OSS,Technology,Computer Hardware,NCM,0.08
MSSA,Financial Services,Shell Companies,NGM,0.08
INVE,Industrials,Building Products & Equipment,NCM,0.08
EURK,Financial Services,Shell Companies,NCM,0.08
VGZ,Basic Materials,Gold,ASE,0.08
AVTE,Healthcare,Biotechnology,NGM,0.08
ICLK,Communication Services,Advertising Agencies,NGM,0.08
ANL,Healthcare,Biotechnology,NGM,0.08
JEQ,Financial Services,Asset Management,NYQ,0.08
RPID,Healthcare,Medical Devices,NCM,0.08
LSF,Consumer Defensive,Packaged Foods,ASE,0.08
IROQ,Financial Services,Banks - Regional,NCM,0.08
INO,Healthcare,Biotechnology,NCM,0.08
YHNAU,Financial Services,Shell Companies,NGM,0.08
ADAG,Healthcare,Biotechnology,NGM,0.08
ACET,Healthcare,Biotechnology,NGM,0.07
XGN,Healthcare,Diagnostics & Research,NGM,0.07
OWLT,Healthcare,Health Information Services,NYQ,0.07
SRFM,Industrials,Airlines,NYQ,0.07
OTLK,Healthcare,Biotechnology,NCM,0.07
BYFC,Financial Services,Banks - Regional,NCM,0.07
TLSA,Healthcare,Biotechnology,NCM,0.07
PGZ,Financial Services,Asset Management,NYQ,0.07
TDTH,Technology,Information Technology Services,NCM,0.07
IKNA,Healthcare,Biotechnology,NGM,0.07
FDSB,Financial Services,Banks - Regional,NCM,0.07
CSLM,Financial Services,Shell Companies,NCM,0.07
CTMX,Healthcare,Biotechnology,NMS,0.07
IOR,Financial Services,Mortgage Finance,ASE,0.07
INUV,Technology,Software - Application,ASE,0.07
LASE,Industrials,Specialty Industrial Machinery,NCM,0.07
FORA,Healthcare,Health Information Services,NCM,0.07
GLV,Financial Services,Asset Management,ASE,0.07
QNCX,Healthcare,Biotechnology,NMS,0.07
CULP,Consumer Cyclical,Textile Manufacturing,NYQ,0.07
LRFC,Financial Services,Asset Management,NMS,0.07
GWH,Industrials,Electrical Equipment & Parts,NYQ,0.07
CEV,Financial Services,Asset Management,NYQ,0.07
NDLS,Consumer Cyclical,Restaurants,NMS,0.07
WFCF,Technology,Software - Application,NCM,0.07
ARMP,Healthcare,Biotechnology,ASE,0.07
APLT,Healthcare,Biotechnology,NGM,0.07
NSPR,Healthcare,Medical Devices,NCM,0.07
HOUR,Consumer Cyclical,Internet Retail,NCM,0.07
IPSC,Healthcare,Biotechnology,NMS,0.07
BNR,Healthcare,Diagnostics & Research,NGM,0.07
FUSB,Financial Services,Banks - Regional,NCM,0.07
TBNK,Financial Services,Banks - Regional,NMS,0.07
CATO,Consumer Cyclical,Apparel Retail,NYQ,0.07
MIND,Technology,Scientific & Technical Instruments,NCM,0.07
NKLA,Industrials,Farm & Heavy Construction Machinery,NMS,0.07
GSIT,Technology,Semiconductors,NMS,0.07
RGT,Financial Services,Asset Management,NYQ,0.07
RGLS,Healthcare,Biotechnology,NCM,0.07
PED,Energy,Oil & Gas E&P,ASE,0.07
CCG,Communication Services,Internet Content & Information,NCM,0.07
SCWO,Industrials,Pollution & Treatment Controls,NCM,0.07
IAE,Financial Services,Asset Management,NYQ,0.07
NCSM,Energy,Oil & Gas Equipment & Services,NCM,0.07
THTX,Healthcare,Biotechnology,NCM,0.07
FNGR,Communication Services,Telecom Services,NCM,0.07
VTSI,Technology,Software - Application,NCM,0.07
CXH,Financial Services,Asset Management,NYQ,0.07
CNTX,Healthcare,Biotechnology,NCM,0.07
FAT,Consumer Cyclical,Restaurants,NCM,0.07
ASYS,Technology,Semiconductor Equipment & Materials,NMS,0.07
ICCM,Healthcare,Medical Devices,NCM,0.07
TETE,Financial Services,Shell Companies,NGM,0.07
BYSI,Healthcare,Biotechnology,NCM,0.07
EURKU,Financial Services,Shell Companies,NCM,0.07
YTRA,Consumer Cyclical,Travel Services,NCM,0.07
ICCH,Financial Services,Insurance - Specialty,NCM,0.07
CLSD,Healthcare,Biotechnology,NGM,0.07
INCR,Healthcare,Drug Manufacturers - Specialty & Generic,NGM,0.07
YYGH,Consumer Cyclical,Personal Services,NCM,0.07
LITM,Basic Materials,Other Industrial Metals & Mining,NCM,0.07
RMTI,Healthcare,Drug Manufacturers - Specialty & Generic,NCM,0.07
ANVS,Healthcare,Biotechnology,NYQ,0.07
PMVP,Healthcare,Biotechnology,NMS,0.07
RAND,Financial Services,Asset Management,NCM,0.07
UBCP,Financial Services,Banks - Regional,NCM,0.07
ALAR,Technology,Software - Infrastructure,NCM,0.07
HBIO,Healthcare,Medical Instruments & Supplies,NGM,0.07
VANI,Healthcare,Biotechnology,NCM,0.07
AIRE,Real Estate,Real Estate Services,NCM,0.07
CVU,Industrials,Aerospace & Defense,ASE,0.07
VLT,Financial Services,Asset Management,NYQ,0.07
ELTK,Technology,Electronic Components,NCM,0.07
NMS,Financial Services,Asset Management,NYQ,0.07
VOC,Energy,Oil & Gas E&P,NYQ,0.07
OAKU,Financial Services,Shell Companies,NCM,0.07
GNTA,Healthcare,Biotechnology,NCM,0.06
SOTK,Technology,Scientific & Technical Instruments,NCM,0.06
SST,Industrials,Specialty Business Services,NYQ,0.06
WAI,Financial Services,Capital Markets,NCM,0.06
SACH,Real Estate,REIT - Mortgage,ASE,0.06
BOWN,Financial Services,Shell Companies,NGM,0.06
BRAC,Financial Services,Shell Companies,NGM,0.06
BOTJ,Financial Services,Banks - Regional,NCM,0.06
MATH,Financial Services,Capital Markets,NCM,0.06
MODV,Healthcare,Medical Care Facilities,NMS,0.06
CCEL,Healthcare,Medical Care Facilities,ASE,0.06
KRON,Healthcare,Biotechnology,NMS,0.06
BEDU,Consumer Defensive,Education & Training Services,NYQ,0.06
DTC,Consumer Cyclical,Internet Retail,NYQ,0.06
PRE,Healthcare,Diagnostics & Research,NGM,0.06
FKWL,Technology,Communication Equipment,NCM,0.06
PODC,Communication Services,Internet Content & Information,NCM,0.06
NVNO,Healthcare,Medical Devices,NCM,0.06
BEAT,Healthcare,Health Information Services,NCM,0.06
IOBT,Healthcare,Biotechnology,NMS,0.06
IMRX,Healthcare,Biotechnology,NGM,0.06
NVA,Basic Materials,Other Industrial Metals & Mining,NCM,0.06
CTSO,Healthcare,Medical Devices,NCM,0.06
MYND,Consumer Defensive,Education & Training Services,ASE,0.06
CMTL,Technology,Communication Equipment,NMS,0.06
CRT,Energy,Oil & Gas E&P,NYQ,0.06
WWR,Basic Materials,Other Industrial Metals & Mining,ASE,0.06
OPAD,Real Estate,Real Estate Services,NYQ,0.06
XCH,Industrials,Specialty Industrial Machinery,NGM,0.06
OPTN,Healthcare,Drug Manufacturers - Specialty & Generic,NMS,0.06
OPI,Real Estate,REIT - Office,NMS,0.06
BAYA,Financial Services,Shell Companies,NGM,0.06
BMR,Technology,Software - Application,NCM,0.06
NHTC,Consumer Cyclical,Internet Retail,NCM,0.06
ANEB,Healthcare,Biotechnology,NCM,0.06
FSHPU,Financial Services,Shell Companies,NGM,0.06
RFIL,Industrials,Electrical Equipment & Parts,NGM,0.06
VRCA,Healthcare,Biotechnology,NGM,0.06
AREN,Communication Services,Internet Content & Information,ASE,0.06
GANX,Healthcare,Biotechnology,NGM,0.06
SELF,Real Estate,REIT - Specialty,NCM,0.06
PDSB,Healthcare,Biotechnology,NCM,0.06
ONCY,Healthcare,Biotechnology,NCM,0.06
SWVL,Technology,Software - Application,NCM,0.06
IPWR,Industrials,Electrical Equipment & Parts,NCM,0.06
HPH,Financial Services,Asset Management,NGM,0.06
MDBH,Financial Services,Capital Markets,NCM,0.06
LOOP,Basic Materials,Specialty Chemicals,NGM,0.06
PNF,Financial Services,Asset Management,NYQ,0.06
NSTS,Financial Services,Banks - Regional,NCM,0.06
HOWL,Healthcare,Biotechnology,NMS,0.06
GDHG,Consumer Cyclical,Leisure,NCM,0.06
CLIR,Industrials,Pollution & Treatment Controls,NCM,0.06
RCON,Energy,Oil & Gas Equipment & Services,NCM,0.06
LOAN,Real Estate,REIT - Mortgage,NCM,0.06
APYX,Healthcare,Medical Devices,NMS,0.06
APT,Industrials,Building Products & Equipment,ASE,0.06
BUJA,Financial Services,Shell Companies,NCM,0.06
NEUE,Healthcare,Healthcare Plans,NYQ,0.06
BRFH,Consumer Defensive,Beverages - Non-Alcoholic,NCM,0.06
BMTX,Technology,Software - Application,ASE,0.06
CCLD,Healthcare,Health Information Services,NGM,0.06
HYMC,Basic Materials,Gold,NCM,0.06
RGS,Consumer Cyclical,Personal Services,NGM,0.06
JMM,Financial Services,Asset Management,NYQ,0.06
UNCY,Healthcare,Biotechnology,NCM,0.06
SELX,Technology,Electronic Components,NCM,0.06
KOSS,Technology,Consumer Electronics,NCM,0.06
CLRC,Financial Services,Shell Companies,NGM,0.06
HUBC,Technology,Software - Infrastructure,NGM,0.06
AIRT,Industrials,Conglomerates,NCM,0.06
SUP,Consumer Cyclical,Auto Parts,NYQ,0.06
STTK,Healthcare,Biotechnology,NMS,0.06
TYGO,Technology,Solar,NCM,0.06
BGSF,Industrials,Staffing & Employment Services,NYQ,0.06
KALA,Healthcare,Biotechnology,NCM,0.06
ATHE,Healthcare,Biotechnology,NCM,0.06
GROV,Consumer Defensive,Household & Personal Products,NYQ,0.06
VNRX,Healthcare,Diagnostics & Research,ASE,0.06
MVO,Energy,Oil & Gas E&P,NYQ,0.06
MURA,Healthcare,Biotechnology,NGM,0.06
FGB,Financial Services,Asset Management,NYQ,0.06
BAFN,Financial Services,Banks - Regional,NCM,0.06
BTCS,Financial Services,Capital Markets,NCM,0.06
PRLD,Healthcare,Biotechnology,NMS,0.06
FFIE,Consumer Cyclical,Auto Manufacturers,NCM,0.06
PTHL,Healthcare,Medical Devices,NCM,0.06
FBLG,Healthcare,Biotechnology,NGM,0.06
CNVS,Communication Services,Entertainment,NCM,0.06
PRTS,Consumer Cyclical,Auto Parts,NMS,0.06
FATBB,Consumer Cyclical,Restaurants,NCM,0.06
LUCD,Healthcare,Medical Devices,NCM,0.06
FURY,Basic Materials,Other Industrial Metals & Mining,ASE,0.06
EEA,Financial Services,Asset Management,NYQ,0.06
MKFG,Technology,Computer Hardware,NYQ,0.06
GBBK,Financial Services,Shell Companies,NCM,0.06
CPBI,Financial Services,Banks - Regional,NCM,0.06
INLX,Technology,Software - Application,ASE,0.06
INLF,Industrials,Specialty Industrial Machinery,NCM,0.06
CLST,Financial Services,Banks - Regional,NCM,0.05
SPRO,Healthcare,Biotechnology,NMS,0.05
SPRU,Technology,Solar,NYQ,0.05
ZBAO,Financial Services,Insurance Brokers,NCM,0.05
ACHL,Healthcare,Biotechnology,NCM,0.05
ICCC,Healthcare,Biotechnology,NCM,0.05
OMIC,Healthcare,Medical Instruments & Supplies,NCM,0.05
WAVE,Utilities,Utilities - Renewable,NCM,0.05
AP,Industrials,Metal Fabrication,NYQ,0.05
LTRN,Healthcare,Biotechnology,NCM,0.05
FTII,Financial Services,Shell Companies,NCM,0.05
DUOT,Technology,Software - Application,NCM,0.05
NTZ,Consumer Cyclical,"Furnishings, Fixtures & Appliances",NYQ,0.05
USIO,Technology,Software - Infrastructure,NGM,0.05
FMY,Financial Services,Asset Management,NYQ,0.05
GTI,Basic Materials,Other Industrial Metals & Mining,NGM,0.05
CNTB,Healthcare,Biotechnology,NGM,0.05
XPL,Basic Materials,Other Industrial Metals & Mining,ASE,0.05
ATRA,Healthcare,Biotechnology,NMS,0.05
FBIO,Healthcare,Biotechnology,NCM,0.05
PRT,Energy,Oil & Gas E&P,NYQ,0.05
AHT,Real Estate,REIT - Hotel & Motel,NYQ,0.05
AGAE,Communication Services,Entertainment,NCM,0.05
AGFY,Industrials,Farm & Heavy Construction Machinery,NCM,0.05
AIXI,Technology,Software - Application,NGM,0.05
BHM,Real Estate,REIT - Residential,ASE,0.05
MESA,Industrials,Airlines,NCM,0.05
JG,Technology,Software - Infrastructure,NCM,0.05
REFR,Technology,Electronic Components,NCM,0.05
IMMX,Healthcare,Biotechnology,NCM,0.05
CFSB,Financial Services,Banks - Regional,NCM,0.05
SHLT,Healthcare,Health Information Services,NCM,0.05
SGRP,Industrials,Specialty Business Services,NCM,0.05
OPXS,Industrials,Aerospace & Defense,NCM,0.05
FGEN,Healthcare,Biotechnology,NMS,0.05
FLNT,Communication Services,Advertising Agencies,NCM,0.05
NXN,Financial Services,Asset Management,NYQ,0.05
FORL,Financial Services,Shell Companies,NCM,0.05
FOXX,Technology,Consumer Electronics,NCM,0.05
ARKR,Consumer Cyclical,Restaurants,NGM,0.05
BIRD,Consumer Cyclical,Apparel Retail,NMS,0.05
RFL,Real Estate,Real Estate Services,NYQ,0.05
ALSA,Financial Services,Shell Companies,NGM,0.05
FTCI,Technology,Solar,NCM,0.05
GBIO,Healthcare,Biotechnology,NMS,0.05
CELU,Healthcare,Biotechnology,NCM,0.05
SDST,Industrials,Electrical Equipment & Parts,NGM,0.05
IDN,Technology,Software - Application,NGM,0.05
NRXP,Healthcare,Biotechnology,NCM,0.05
ALCY,Financial Services,Shell Companies,NCM,0.05
ALRN,Healthcare,Biotechnology,NCM,0.05
KZR,Healthcare,Biotechnology,NCM,0.05
STI,Industrials,Electrical Equipment & Parts,NGM,0.05
CLEU,Consumer Defensive,Education & Training Services,NCM,0.05
MDIA,Communication Services,Broadcasting,NCM,0.05
UONE,Communication Services,Broadcasting,NCM,0.05
UONEK,Communication Services,Broadcasting,NCM,0.05
BDL,Consumer Cyclical,Restaurants,ASE,0.05
BCOW,Financial Services,Banks - Regional,NCM,0.05
UG,Consumer Defensive,Household & Personal Products,NGM,0.05
UCL,Communication Services,Telecom Services,NGM,0.05
TCBS,Financial Services,Banks - Regional,NCM,0.05
IGTA,Financial Services,Shell Companies,NCM,0.05
RGC,Healthcare,Drug Manufacturers - Specialty & Generic,NCM,0.05
EMCG,Financial Services,Shell Companies,NGM,0.05
BODI,Communication Services,Internet Content & Information,NYQ,0.05
BOLD,Healthcare,Biotechnology,NMS,0.05
NINE,Energy,Oil & Gas Equipment & Services,NYQ,0.05
TORO,Industrials,Marine Shipping,NCM,0.05
SYPR,Consumer Cyclical,Auto Parts,NGM,0.05
SDIG,Financial Services,Capital Markets,NGM,0.05
GEG,Financial Services,Asset Management,NMS,0.05
ALVR,Healthcare,Biotechnology,NCM,0.05
FSEA,Financial Services,Banks - Regional,NCM,0.05
IZEA,Communication Services,Internet Content & Information,NCM,0.05
RPTX,Healthcare,Biotechnology,NMS,0.05
ANGH,Communication Services,Entertainment,NGM,0.05
LSB,Healthcare,Biotechnology,NCM,0.05
TOP,Financial Services,Capital Markets,NCM,0.05
MODD,Healthcare,Medical Devices,NCM,0.05
ISPO,Consumer Cyclical,Travel Services,NGM,0.05
MNY,Communication Services,Internet Content & Information,NGM,0.05
MOBX,Technology,Semiconductors,NGM,0.05
BEST,Industrials,Trucking,NYQ,0.05
AREC,Basic Materials,Coking Coal,NCM,0.05
MAIA,Healthcare,Biotechnology,ASE,0.05
MBOT,Healthcare,Medical Instruments & Supplies,NCM,0.05
FCUV,Technology,Scientific & Technical Instruments,NCM,0.05
JUNE,Industrials,Engineering & Construction,NCM,0.05
ESGL,Industrials,Waste Management,NCM,0.05
PVL,Energy,Oil & Gas E&P,NYQ,0.05
PXLW,Technology,Semiconductors,NGM,0.05
CTM,Technology,Information Technology Services,ASE,0.05
SSBI,Financial Services,Banks - Regional,NGM,0.05
OVID,Healthcare,Biotechnology,NMS,0.05
OPHC,Financial Services,Banks - Regional,ASE,0.05
CRWS,Consumer Cyclical,"Furnishings, Fixtures & Appliances",NCM,0.05
LGCL,Technology,Software - Application,NCM,0.05
YI,Healthcare,Medical Distribution,NGM,0.05
ZEPP,Technology,Consumer Electronics,NYQ,0.04
LGL,Technology,Electronic Components,ASE,0.04
YOTA,Financial Services,Shell Companies,NCM,0.04
GNS,Consumer Defensive,Education & Training Services,ASE,0.04
NXL,Healthcare,Medical Devices,NCM,0.04
HSON,Industrials,Staffing & Employment Services,NMS,0.04
NMTC,Healthcare,Medical Devices,NCM,0.04
INDO,Energy,Oil & Gas E&P,ASE,0.04
INKT,Healthcare,Biotechnology,NCM,0.04
MGLD,Financial Services,Asset Management,ASE,0.04
EBON,Technology,Computer Hardware,NMS,0.04
DALN,Communication Services,Publishing,NCM,0.04
PXS,Energy,Oil & Gas Midstream,NCM,0.04
CVKD,Healthcare,Biotechnology,NCM,0.04
SRZN,Healthcare,Biotechnology,NCM,0.04
TURN,Financial Services,Asset Management,NGM,0.04
EGF,Financial Services,Asset Management,NYQ,0.04
MXE,Financial Services,Asset Management,NYQ,0.04
VNCE,Consumer Cyclical,Apparel Manufacturing,NYQ,0.04
KSCP,Industrials,Security & Protection Services,NCM,0.04
RDIB,Communication Services,Entertainment,NCM,0.04
ELEV,Healthcare,Biotechnology,NMS,0.04
MSAI,Technology,Software - Infrastructure,NCM,0.04
SCYX,Healthcare,Drug Manufacturers - Specialty & Generic,NGM,0.04
DECA,Financial Services,Shell Companies,NGM,0.04
SYT,Technology,Software - Application,NCM,0.04
RAYA,Industrials,Electrical Equipment & Parts,NCM,0.04
RDI,Communication Services,Entertainment,NCM,0.04
RLYB,Healthcare,Biotechnology,NMS,0.04
TLF,Consumer Cyclical,Specialty Retail,NCM,0.04
BRNS,Healthcare,Biotechnology,NGM,0.04
ROLR,Consumer Cyclical,Gambling,ASE,0.04
DMYY,Financial Services,Shell Companies,ASE,0.04
ESLA,Healthcare,Biotechnology,NCM,0.04
JRSH,Consumer Cyclical,Apparel Manufacturing,NCM,0.04
HFBL,Financial Services,Banks - Regional,NCM,0.04
DIST,Financial Services,Shell Companies,NGM,0.04
CASI,Healthcare,Biotechnology,NCM,0.04
BWEN,Industrials,Specialty Industrial Machinery,NCM,0.04
ESHA,Financial Services,Shell Companies,NGM,0.04
HKIT,Technology,Software - Application,NCM,0.04
DTIL,Healthcare,Biotechnology,NCM,0.04
ITRM,Healthcare,Biotechnology,NCM,0.04
IVVD,Healthcare,Biotechnology,NGM,0.04
LBGJ,Industrials,Specialty Industrial Machinery,NCM,0.04
NIXX,Industrials,Staffing & Employment Services,NCM,0.04
TPST,Healthcare,Biotechnology,NCM,0.04
CLNN,Consumer Defensive,Packaged Foods,NCM,0.04
QTTB,Healthcare,Biotechnology,NGM,0.04
VIVK,Energy,Oil & Gas Integrated,NCM,0.04
PPSI,Industrials,Electrical Equipment & Parts,NCM,0.04
SER,Healthcare,Biotechnology,ASE,0.04
CUBA,Financial Services,Asset Management,NGM,0.04
SIDU,Industrials,Aerospace & Defense,NCM,0.04
CLGN,Healthcare,Biotechnology,NGM,0.04
KTCC,Technology,Computer Hardware,NGM,0.04
HHS,Industrials,Conglomerates,NGM,0.04
BEEM,Technology,Solar,NCM,0.04
UBX,Healthcare,Biotechnology,NMS,0.04
OM,Healthcare,Medical Devices,NMS,0.04
QETA,Financial Services,Shell Companies,NGM,0.04
OMCC,Financial Services,Credit Services,NMS,0.04
VTVT,Healthcare,Biotechnology,NCM,0.04
GLST,Financial Services,Shell Companies,NGM,0.04
WINV,Financial Services,Shell Companies,NCM,0.04
PASG,Healthcare,Biotechnology,NMS,0.04
DSWL,Technology,Electronic Components,NGM,0.04
NRT,Energy,Oil & Gas E&P,NYQ,0.04
MNDO,Technology,Software - Application,NGM,0.04
AMPG,Technology,Communication Equipment,NCM,0.04
GDST,Financial Services,Shell Companies,NCM,0.04
KORE,Communication Services,Telecom Services,NYQ,0.04
KPLT,Technology,Software - Infrastructure,NGM,0.04
DWSN,Energy,Oil & Gas Equipment & Services,NMS,0.04
DXR,Healthcare,Medical Instruments & Supplies,NCM,0.04
DYAI,Healthcare,Biotechnology,NCM,0.04
PEPG,Healthcare,Biotechnology,NMS,0.04
OCC,Technology,Communication Equipment,NGM,0.04
FARM,Consumer Defensive,Packaged Foods,NMS,0.04
AXIL,Technology,Consumer Electronics,ASE,0.04
ATNM,Healthcare,Biotechnology,ASE,0.04
IRD,Healthcare,Biotechnology,NCM,0.04
MPU,Communication Services,Entertainment,ASE,0.04
OSTX,Healthcare,Biotechnology,ASE,0.04
ZCMD,Healthcare,Health Information Services,NCM,0.04
WYY,Technology,Information Technology Services,ASE,0.04
AKTX,Healthcare,Biotechnology,NCM,0.04
WTMA,Financial Services,Shell Companies,NCM,0.04
RAVE,Consumer Cyclical,Restaurants,NCM,0.04
CMMB,Healthcare,Biotechnology,NCM,0.04
ZDGE,Communication Services,Internet Content & Information,ASE,0.04
MTC,Technology,Software - Application,NCM,0.04
MTEN,Industrials,Metal Fabrication,NCM,0.04
ATMV,Financial Services,Shell Companies,NCM,0.04
CLPS,Technology,Information Technology Services,NGM,0.04
TECTP,Financial Services,Banks - Regional,NCM,0.04
BTCM,Technology,Information Technology Services,NYQ,0.04
LVLU,Consumer Cyclical,Apparel Retail,NGM,0.04
SCOR,Communication Services,Internet Content & Information,NMS,0.04
ISDR,Technology,Software - Application,ASE,0.04
TACT,Technology,Computer Hardware,NGM,0.04
NCEW,Industrials,Integrated Freight & Logistics,NCM,0.04
OKYO,Healthcare,Biotechnology,NCM,0.04
ASRV,Financial Services,Banks - Regional,NGM,0.04
MDAI,Healthcare,Medical Devices,NCM,0.04
ICMB,Financial Services,Asset Management,NMS,0.04
ORKT,Technology,Software - Application,NCM,0.04
COCH,Healthcare,Medical Devices,NCM,0.04
GLLI,Financial Services,Shell Companies,NCM,0.04
GRF,Financial Services,Asset Management,NYQ,0.04
LICY,Industrials,Waste Management,NYQ,0.04
FLUX,Industrials,Electrical Equipment & Parts,NCM,0.03
COEP,Healthcare,Biotechnology,NCM,0.03
SPCB,Industrials,Security & Protection Services,NCM,0.03
FPAY,Industrials,Rental & Leasing Services,NCM,0.03
ARBK,Financial Services,Capital Markets,NMS,0.03
BTM,Financial Services,Capital Markets,NCM,0.03
DHAI,Healthcare,Medical Devices,NGM,0.03
PYN,Financial Services,Asset Management,NYQ,0.03
HUIZ,Financial Services,Insurance Brokers,NGM,0.03
VRAR,Technology,Software - Infrastructure,NCM,0.03
GORO,Basic Materials,Gold,ASE,0.03
GP,Industrials,Farm & Heavy Construction Machinery,NCM,0.03
BTCT,Technology,Computer Hardware,NCM,0.03
LUNA,Technology,Scientific & Technical Instruments,NCM,0.03
ANTX,Healthcare,Biotechnology,NMS,0.03
SCNX,Healthcare,Pharmaceutical Retailers,NCM,0.03
VSTE,Technology,Solar,NCM,0.03
NYC,Real Estate,Real Estate Services,NYQ,0.03
XBP,Technology,Software - Infrastructure,NGM,0.03
INTG,Consumer Cyclical,Lodging,NCM,0.03
CPSH,Technology,Electronic Components,NCM,0.03
ECDA,Consumer Cyclical,Auto Manufacturers,NCM,0.03
INTS,Healthcare,Biotechnology,NCM,0.03
INTZ,Technology,Software - Infrastructure,NCM,0.03
CPIX,Healthcare,Drug Manufacturers - Specialty & Generic,NMS,0.03
CMBM,Technology,Communication Equipment,NGM,0.03
GFAI,Industrials,Security & Protection Services,NCM,0.03
CRIS,Healthcare,Biotechnology,NCM,0.03
WVVI,Consumer Defensive,Beverages - Wineries & Distilleries,NCM,0.03
GLBS,Industrials,Marine Shipping,NCM,0.03
GLE,Technology,Information Technology Services,NCM,0.03
LIVE,Consumer Cyclical,Home Improvement Retail,NCM,0.03
XAIR,Healthcare,Medical Devices,NCM,0.03
AIFF,Technology,Software - Application,NCM,0.03
XLO,Healthcare,Biotechnology,NMS,0.03
ZOOZ,Consumer Cyclical,Specialty Retail,NCM,0.03
CHR,Communication Services,Advertising Agencies,NCM,0.03
VHC,Technology,Software - Infrastructure,NYQ,0.03
NXGL,Healthcare,Medical Instruments & Supplies,NCM,0.03
SHFS,Financial Services,Banks - Regional,NCM,0.03
MOVE,Healthcare,Medical Devices,NCM,0.03
NAII,Consumer Defensive,Packaged Foods,NGM,0.03
CGTX,Healthcare,Biotechnology,NGM,0.03
FAAS,Technology,Software - Infrastructure,NCM,0.03
AXDX,Healthcare,Medical Devices,NCM,0.03
AWRE,Technology,Software - Application,NGM,0.03
VCIG,Industrials,Consulting Services,NCM,0.03
SWIN,Financial Services,Capital Markets,NCM,0.03
DARE,Healthcare,Biotechnology,NCM,0.03
GTEC,Industrials,Specialty Industrial Machinery,NCM,0.03
GTIM,Consumer Cyclical,Restaurants,NCM,0.03
APWC,Industrials,Electrical Equipment & Parts,NCM,0.03
SURG,Technology,Software - Application,NCM,0.03
FBIOP,Healthcare,Biotechnology,NCM,0.03
DXST,Industrials,Waste Management,NCM,0.03
IBIO,Healthcare,Biotechnology,ASE,0.03
MLEC,Healthcare,Biotechnology,NCM,0.03
SVT,Industrials,Aerospace & Defense,ASE,0.03
FTHM,Real Estate,Real Estate Services,NCM,0.03
LDTC,Technology,Software - Application,NGM,0.03
LEXX,Healthcare,Biotechnology,NCM,0.03
GDTC,Healthcare,Biotechnology,NCM,0.03
PBBK,Financial Services,Banks - Regional,NCM,0.03
OMGA,Healthcare,Biotechnology,NMS,0.03
GAME,Communication Services,Electronic Gaming & Multimedia,NCM,0.03
NRSN,Healthcare,Biotechnology,NCM,0.03
NSYS,Healthcare,Medical Devices,NCM,0.03
WHLRD,Real Estate,REIT - Retail,NCM,0.03
BCAB,Healthcare,Biotechnology,NGM,0.03
IRIX,Healthcare,Medical Devices,NCM,0.03
FTEK,Industrials,Pollution & Treatment Controls,NCM,0.03
WKSP,Consumer Cyclical,Auto Parts,NCM,0.03
WOK,Healthcare,Medical Devices,NCM,0.03
NTWK,Technology,Software - Application,NCM,0.03
FEMY,Healthcare,Medical Instruments & Supplies,NCM,0.03
FENG,Communication Services,Internet Content & Information,NYQ,0.03
FGF,Financial Services,Insurance - Diversified,NGM,0.03
BANL,Energy,Oil & Gas Midstream,NCM,0.03
BATL,Energy,Oil & Gas E&P,ASE,0.03
MKZR,Real Estate,REIT - Diversified,NCM,0.03
BGFV,Consumer Cyclical,Specialty Retail,NMS,0.03
BGI,Consumer Cyclical,Luxury Goods,ASE,0.03
BCG,Financial Services,Asset Management,NGM,0.03
SHOT,Consumer Defensive,Beverages - Non-Alcoholic,NCM,0.03
CVM,Healthcare,Biotechnology,ASE,0.03
CIF,Financial Services,Asset Management,NYQ,0.03
TZUP,Communication Services,Advertising Agencies,NCM,0.03
AQU,Financial Services,Shell Companies,NCM,0.03
GROW,Financial Services,Asset Management,NCM,0.03
VYNE,Healthcare,Biotechnology,NCM,0.03
TPCS,Industrials,Metal Fabrication,NCM,0.03
TRAW,Healthcare,Biotechnology,NCM,0.03
CENN,Consumer Cyclical,Auto Manufacturers,NCM,0.03
CYTH,Healthcare,Drug Manufacturers - Specialty & Generic,NCM,0.03
OXBR,Financial Services,Insurance - Reinsurance,NCM,0.03
MOGO,Technology,Software - Infrastructure,NCM,0.03
EDRY,Industrials,Marine Shipping,NCM,0.03
OCX,Healthcare,Diagnostics & Research,NCM,0.03
OESX,Consumer Cyclical,"Furnishings, Fixtures & Appliances",NCM,0.03
DTST,Technology,Information Technology Services,NCM,0.03
RNXT,Healthcare,Biotechnology,NCM,0.03
CALC,Healthcare,Biotechnology,NCM,0.03
CXAI,Technology,Software - Application,NCM,0.03
JUNS,Healthcare,Biotechnology,NCM,0.03
PULM,Healthcare,Biotechnology,NCM,0.03
PYPD,Healthcare,Biotechnology,NCM,0.03
PZG,Basic Materials,Gold,ASE,0.03
PWM,Financial Services,Asset Management,NCM,0.03
GRCE,Healthcare,Biotechnology,NCM,0.03
DAIO,Technology,Electronic Components,NCM,0.03
ENZ,Healthcare,Diagnostics & Research,NYQ,0.03
BIVI,Healthcare,Biotechnology,NCM,0.03
BLAC,Financial Services,Shell Companies,NCM,0.03
WVVIP,Consumer Defensive,Beverages - Wineries & Distilleries,NCM,0.03
MRNS,Healthcare,Biotechnology,NGM,0.03
CTRM,Industrials,Marine Shipping,NCM,0.03
ALUR,Healthcare,Medical Devices,NYQ,0.03
TOPS,Energy,Oil & Gas Midstream,ASE,0.03
POCI,Healthcare,Medical Instruments & Supplies,NCM,0.03
LVTX,Healthcare,Biotechnology,NMS,0.03
FEAM,Basic Materials,Specialty Chemicals,NMS,0.03
SISI,Consumer Defensive,Farm Products,NCM,0.03
SJ,Communication Services,Broadcasting,NCM,0.03
CREX,Technology,Software - Application,NCM,0.03
PMEC,Industrials,Specialty Business Services,NCM,0.03
PMN,Healthcare,Biotechnology,NCM,0.03
NTIP,Industrials,Specialty Business Services,ASE,0.03
SNYR,Healthcare,Medical Distribution,NCM,0.03
CNTM,Technology,Software - Application,NGM,0.03
TRSG,Industrials,Metal Fabrication,NCM,0.03
TRT,Technology,Semiconductor Equipment & Materials,ASE,0.03
NOM,Financial Services,Asset Management,NYQ,0.03
HOLO,Technology,Electronic Components,NCM,0.03
EMKR,Technology,Electronic Components,NCM,0.03
ONMD,Healthcare,Health Information Services,NCM,0.03
NISN,Industrials,Specialty Business Services,NCM,0.03
EHGO,Industrials,Business Equipment & Supplies,NCM,0.03
HYFM,Industrials,Farm & Heavy Construction Machinery,NCM,0.03
HTCR,Technology,Software - Application,NCM,0.03
XCUR,Healthcare,Biotechnology,NCM,0.03
SOHO,Real Estate,REIT - Hotel & Motel,NGM,0.03
SOND,Consumer Cyclical,Lodging,NMS,0.03
IXHL,Healthcare,Drug Manufacturers - Specialty & Generic,NGM,0.03
BNIX,Financial Services,Shell Companies,NCM,0.03
JOB,Industrials,Staffing & Employment Services,ASE,0.03
SOWG,Consumer Defensive,Packaged Foods,NCM,0.03
SPAI,Industrials,Aerospace & Defense,NCM,0.03
NXPL,Technology,Software - Application,NCM,0.03
VSEE,Healthcare,Health Information Services,NCM,0.03
AERT,Industrials,Consulting Services,NCM,0.03
ORIS,Consumer Defensive,Packaged Foods,NCM,0.03
RENT,Consumer Cyclical,Apparel Retail,NGM,0.03
AFMD,Healthcare,Biotechnology,NGM,0.02
SMSI,Technology,Software - Application,NCM,0.02
HOOK,Healthcare,Biotechnology,NCM,0.02
SNTI,Healthcare,Biotechnology,NCM,0.02
BNZI,Technology,Software - Application,NCM,0.02
RETO,Basic Materials,Building Materials,NCM,0.02
RFAC,Financial Services,Shell Companies,NGM,0.02
BOLT,Healthcare,Biotechnology,NCM,0.02
ELSE,Technology,Scientific & Technical Instruments,NCM,0.02
NNVC,Healthcare,Biotechnology,ASE,0.02
MIRA,Healthcare,Drug Manufacturers - General,NCM,0.02
MGIH,Consumer Cyclical,Packaging & Containers,NCM,0.02
RMCO,Financial Services,Asset Management,NCM,0.02
INHD,Basic Materials,Steel,NCM,0.02
SOS,Financial Services,Capital Markets,NYQ,0.02
NXTC,Healthcare,Biotechnology,NMS,0.02
LIDR,Technology,Software - Infrastructure,NCM,0.02
PLAG,Industrials,Conglomerates,ASE,0.02
ADGM,Healthcare,Medical Devices,NCM,0.02
YHGJ,Consumer Cyclical,Packaging & Containers,NCM,0.02
COHN,Financial Services,Capital Markets,ASE,0.02
CODX,Healthcare,Medical Devices,NCM,0.02
XTIA,Industrials,Aerospace & Defense,NCM,0.02
NERV,Healthcare,Biotechnology,NCM,0.02
HUDI,Basic Materials,Steel,NCM,0.02
MOGU,Consumer Cyclical,Internet Retail,NYQ,0.02
NCL,Consumer Cyclical,"Furnishings, Fixtures & Appliances",ASE,0.02
RVP,Healthcare,Medical Instruments & Supplies,ASE,0.02
TENX,Healthcare,Biotechnology,NCM,0.02
IGC,Healthcare,Biotechnology,ASE,0.02
GOVX,Healthcare,Biotechnology,NCM,0.02
SAIH,Technology,Information Technology Services,NCM,0.02
SANW,Consumer Defensive,Farm Products,NCM,0.02
HUSA,Energy,Oil & Gas E&P,ASE,0.02
RTC,Technology,Software - Application,NGM,0.02
TAIT,Technology,Electronics & Computer Distribution,NCM,0.02
SYBX,Healthcare,Biotechnology,NCM,0.02
CARM,Healthcare,Biotechnology,NGM,0.02
BRTX,Healthcare,Biotechnology,NCM,0.02
DRCT,Communication Services,Advertising Agencies,NCM,0.02
SABS,Healthcare,Biotechnology,NCM,0.02
SAG,Consumer Cyclical,Auto Parts,NCM,0.02
IBO,Healthcare,Biotechnology,ASE,0.02
CARA,Healthcare,Biotechnology,NCM,0.02
IZM,Technology,Electronics & Computer Distribution,NCM,0.02
JCTC,Basic Materials,Lumber & Wood Production,NCM,0.02
JDZG,Technology,Information Technology Services,NCM,0.02
EDTK,Consumer Defensive,Education & Training Services,NCM,0.02
DEVS,Industrials,Pollution & Treatment Controls,NCM,0.02
DFLI,Industrials,Electrical Equipment & Parts,NCM,0.02
DOMH,Healthcare,Biotechnology,NCM,0.02
DPRO,Industrials,Aerospace & Defense,NCM,0.02
USEA,Industrials,Marine Shipping,NCM,0.02
DTCK,Consumer Defensive,Farm Products,NCM,0.02
DUO,Real Estate,Real Estate Services,NCM,0.02
SYNX,Technology,Communication Equipment,ASE,0.02
CCM,Healthcare,Medical Care Facilities,NYQ,0.02
CCTG,Industrials,Electrical Equipment & Parts,NCM,0.02
CDIO,Healthcare,Biotechnology,NCM,0.02
GREE,Financial Services,Capital Markets,NMS,0.02
LSH,Industrials,Integrated Freight & Logistics,NCM,0.02
LSTA,Healthcare,Biotechnology,NCM,0.02
MDRR,Real Estate,REIT - Diversified,NCM,0.02
JVA,Consumer Defensive,Packaged Foods,NCM,0.02
KIRK,Consumer Cyclical,Home Improvement Retail,NMS,0.02
MCVT,Financial Services,Credit Services,NCM,0.02
MNTS,Industrials,Aerospace & Defense,NCM,0.02
MOB,Technology,Communication Equipment,NCM,0.02
BRN,Energy,Oil & Gas E&P,ASE,0.02
DRIO,Healthcare,Health Information Services,NCM,0.02
DRRX,Healthcare,Drug Manufacturers - Specialty & Generic,NCM,0.02
GELS,Healthcare,Drug Manufacturers - Specialty & Generic,NCM,0.02
NRXS,Healthcare,Biotechnology,ASE,0.02
WETH,Real Estate,Real Estate Services,NCM,0.02
ANY,Financial Services,Capital Markets,NCM,0.02
VVOS,Healthcare,Medical Devices,NCM,0.02
LOCL,Consumer Defensive,Farm Products,NYQ,0.02
MRKR,Healthcare,Biotechnology,NCM,0.02
GLXG,Industrials,Staffing & Employment Services,NCM,0.02
GLYC,Healthcare,Biotechnology,NCM,0.02
LPCN,Healthcare,Biotechnology,NCM,0.02
LPTX,Healthcare,Biotechnology,NCM,0.02
LRE,Real Estate,Real Estate - Development,NGM,0.02
ALLK,Healthcare,Biotechnology,NMS,0.02
WKHS,Consumer Cyclical,Auto Manufacturers,NCM,0.02
UTSI,Technology,Communication Equipment,NMS,0.02
FEBO,Technology,Consumer Electronics,NCM,0.02
FEDU,Consumer Defensive,Education & Training Services,NYQ,0.02
PRZO,Industrials,Aerospace & Defense,NCM,0.02
PSHG,Industrials,Marine Shipping,NCM,0.02
JZ,Technology,Information Technology Services,NCM,0.02
PT,Financial Services,Credit Services,NGM,0.02
PTN,Healthcare,Biotechnology,ASE,0.02
NAAS,Consumer Cyclical,Specialty Retail,NCM,0.02
EZFL,Technology,Software - Application,NCM,0.02
SWAG,Communication Services,Advertising Agencies,NCM,0.02
IPW,Consumer Cyclical,Internet Retail,NCM,0.02
NEPH,Healthcare,Medical Instruments & Supplies,NCM,0.02
STRM,Healthcare,Health Information Services,NCM,0.02
CETY,Industrials,Specialty Industrial Machinery,NCM,0.02
APRE,Healthcare,Biotechnology,NCM,0.02
GYRO,Real Estate,Real Estate Services,NCM,0.02
OCG,Consumer Cyclical,Internet Retail,NCM,0.02
BFRG,Healthcare,Health Information Services,NCM,0.02
HOVR,Industrials,Aerospace & Defense,NCM,0.02
MLGO,Technology,Software - Infrastructure,NCM,0.02
BSGM,Healthcare,Medical Devices,NCM,0.02
BTAI,Healthcare,Biotechnology,NCM,0.02
TOMZ,Industrials,Pollution & Treatment Controls,NCM,0.02
TOON,Communication Services,Entertainment,ASE,0.02
AMS,Healthcare,Medical Care Facilities,ASE,0.02
DWTX,Healthcare,Biotechnology,NCM,0.02
MKTW,Financial Services,Financial Data & Stock Exchanges,NGM,0.02
JL,Consumer Cyclical,Apparel Manufacturing,NGM,0.02
BHIL,Basic Materials,Agricultural Inputs,NCM,0.02
BHV,Financial Services,Asset Management,NYQ,0.02
EPOW,Industrials,Electrical Equipment & Parts,NCM,0.02
BCTX,Healthcare,Biotechnology,NCM,0.02
ATER,Consumer Cyclical,"Furnishings, Fixtures & Appliances",NCM,0.02
ATHA,Healthcare,Biotechnology,NMS,0.02
CLDI,Healthcare,Biotechnology,ASE,0.02
CVV,Industrials,Specialty Industrial Machinery,NCM,0.02
CHSN,Consumer Cyclical,Restaurants,NCM,0.02
SIF,Industrials,Aerospace & Defense,ASE,0.02
STBX,Communication Services,Internet Content & Information,NCM,0.02
STEC,Technology,Software - Application,NCM,0.02
CKX,Energy,Oil & Gas E&P,ASE,0.02
GRYP,Financial Services,Capital Markets,NCM,0.02
FRSX,Consumer Cyclical,Auto Parts,NCM,0.02
PGHL,Industrials,Engineering & Construction,NCM,0.02
AUST,Basic Materials,Gold,ASE,0.02
NWGL,Basic Materials,Lumber & Wood Production,NCM,0.02
MEIP,Healthcare,Biotechnology,NCM,0.02
JFU,Technology,Information Technology Services,NGM,0.02
NITO,Basic Materials,Agricultural Inputs,NCM,0.02
NKGN,Healthcare,Biotechnology,NGM,0.02
TRIB,Healthcare,Medical Devices,NMS,0.02
BLIN,Technology,Software - Infrastructure,NCM,0.02
ELBM,Basic Materials,Other Industrial Metals & Mining,NCM,0.02
TURB,Technology,Solar,NCM,0.02
RCG,Financial Services,Asset Management,NYQ,0.02
ENLV,Healthcare,Biotechnology,NCM,0.02
JZXN,Consumer Cyclical,Auto & Truck Dealerships,NCM,0.02
KAPA,Healthcare,Biotechnology,ASE,0.02
BOSC,Technology,Communication Equipment,NCM,0.02
EQ,Healthcare,Biotechnology,NCM,0.02
EQS,Financial Services,Asset Management,NYQ,0.02
ERNA,Healthcare,Biotechnology,NCM,0.02
AGMH,Technology,Computer Hardware,NCM,0.02
IHT,Real Estate,REIT - Hotel & Motel,ASE,0.02
IINN,Healthcare,Medical Devices,NCM,0.02
CTXR,Healthcare,Biotechnology,NCM,0.02
KFFB,Financial Services,Banks - Regional,NGM,0.02
INAB,Healthcare,Biotechnology,NGM,0.02
SFHG,Industrials,Specialty Business Services,NCM,0.02
MSS,Consumer Defensive,Grocery Stores,NCM,0.02
SKYQ,Energy,Oil & Gas Integrated,NCM,0.02
MXC,Energy,Oil & Gas E&P,ASE,0.02
ASPS,Real Estate,Real Estate Services,NMS,0.02
KUKE,Communication Services,Entertainment,NYQ,0.02
SLGL,Healthcare,Biotechnology,NCM,0.02
PNST,Consumer Cyclical,Restaurants,NYQ,0.02
BOF,Consumer Defensive,Packaged Foods,NCM,0.02
CRVO,Healthcare,Biotechnology,NCM,0.02
PLUR,Healthcare,Biotechnology,NCM,0.02
SLNH,Financial Services,Capital Markets,NCM,0.02
SPRB,Healthcare,Biotechnology,NCM,0.02
SKK,Industrials,Engineering & Construction,NCM,0.02
CMLS,Communication Services,Broadcasting,NGM,0.02
GDC,Communication Services,Electronic Gaming & Multimedia,NCM,0.02
MTVA,Healthcare,Biotechnology,NCM,0.02
MULN,Consumer Cyclical,Auto Manufacturers,NCM,0.02
COSM,Healthcare,Medical Distribution,NCM,0.02
MTEK,Technology,Electronic Components,NCM,0.02
MTEX,Consumer Defensive,Food Distribution,NCM,0.02
SPHL,Consumer Cyclical,Residential Construction,NCM,0.02
SPI,Technology,Solar,NCM,0.02
RAY,Consumer Defensive,Household & Personal Products,NCM,0.02
LIQT,Industrials,Pollution & Treatment Controls,NCM,0.02
LITB,Consumer Cyclical,Internet Retail,NYQ,0.02
ZKIN,Basic Materials,Steel,NCM,0.02
GIFT,Communication Services,Internet Content & Information,NCM,0.02
GIGM,Communication Services,Electronic Gaming & Multimedia,NCM,0.02
AIFU,Financial Services,Insurance Brokers,NMS,0.02
XIN,Real Estate,Real Estate - Development,NYQ,0.02
XOS,Industrials,Farm & Heavy Construction Machinery,NCM,0.02
LGVN,Healthcare,Biotechnology,NCM,0.02
COCP,Healthcare,Biotechnology,NCM,0.02
VRME,Industrials,Security & Protection Services,NCM,0.02
XWEL,Healthcare,Diagnostics & Research,NCM,0.01
ZAPP,Consumer Cyclical,Auto Manufacturers,NCM,0.01
ZCAR,Industrials,Rental & Leasing Services,NGM,0.01
GNPX,Healthcare,Biotechnology,NCM,0.01
ZONE,Industrials,Pollution & Treatment Controls,ASE,0.01
LIXT,Healthcare,Biotechnology,NCM,0.01
LKCO,Communication Services,Advertising Agencies,NCM,0.01
LMFA,Financial Services,Credit Services,NCM,0.01
OTRK,Healthcare,Health Information Services,NCM,0.01
GIPR,Real Estate,REIT - Diversified,NCM,0.01
GLBZ,Financial Services,Banks - Regional,NCM,0.01
AIHS,Financial Services,Credit Services,NCM,0.01
AIM,Healthcare,Biotechnology,ASE,0.01
AIMD,Healthcare,Medical Devices,NCM,0.01
WTO,Technology,Consumer Electronics,NCM,0.01
YJ,Consumer Cyclical,Internet Retail,NCM,0.01
LCFY,Communication Services,Internet Content & Information,NCM,0.01
AEI,Real Estate,Real Estate - Development,NCM,0.01
AEMD,Healthcare,Medical Devices,NCM,0.01
AIEV,Consumer Cyclical,Auto Manufacturers,NGM,0.01
AIRI,Industrials,Aerospace & Defense,ASE,0.01
AKTS,Technology,Communication Equipment,NCM,0.01
MTR,Energy,Oil & Gas E&P,NYQ,0.01
SPGC,Consumer Cyclical,Leisure,NCM,0.01
INBS,Healthcare,Medical Devices,NCM,0.01
INDP,Healthcare,Biotechnology,NCM,0.01
CNEY,Basic Materials,Specialty Chemicals,NCM,0.01
CLWT,Industrials,Pollution & Treatment Controls,NCM,0.01
CMCT,Real Estate,REIT - Office,NGM,0.01
INTJ,Industrials,Consulting Services,NCM,0.01
SPPL,Industrials,Specialty Industrial Machinery,NCM,0.01
SQFT,Real Estate,REIT - Diversified,NCM,0.01
CLRB,Healthcare,Biotechnology,NCM,0.01
CRKN,Basic Materials,Specialty Chemicals,NCM,0.01
CPOP,Communication Services,Entertainment,NCM,0.01
FMST,Basic Materials,Other Industrial Metals & Mining,NCM,0.01
PMAX,Industrials,Specialty Business Services,NCM,0.01
PMCB,Healthcare,Biotechnology,NCM,0.01
SONM,Technology,Communication Equipment,NCM,0.01
SONN,Healthcare,Biotechnology,NCM,0.01
SOPA,Technology,Software - Application,NCM,0.01
CSCI,Healthcare,Biotechnology,NCM,0.01
CLRO,Technology,Communication Equipment,NCM,0.01
LYRA,Healthcare,Biotechnology,NGM,0.01
LYT,Technology,Software - Application,NCM,0.01
VMAR,Consumer Cyclical,Recreational Vehicles,NCM,0.01
ARTW,Industrials,Farm & Heavy Construction Machinery,NCM,0.01
ASNS,Technology,Communication Equipment,NCM,0.01
PNBK,Financial Services,Banks - Regional,NGM,0.01
ATIF,Financial Services,Capital Markets,NCM,0.01
FLYE,Consumer Cyclical,Auto Manufacturers,NCM,0.01
MITQ,Technology,Communication Equipment,ASE,0.01
MMA,Consumer Cyclical,Leisure,ASE,0.01
ROMA,Industrials,Consulting Services,NCM,0.01
IBG,Consumer Defensive,Beverages - Wineries & Distilleries,NCM,0.01
RMCF,Consumer Defensive,Confectioners,NGM,0.01
BHAT,Communication Services,Electronic Gaming & Multimedia,NCM,0.01
TXMD,Healthcare,Drug Manufacturers - Specialty & Generic,NMS,0.01
UAVS,Technology,Computer Hardware,ASE,0.01
AMST,Technology,Software - Application,NCM,0.01
ALZN,Healthcare,Biotechnology,NCM,0.01
BOXL,Technology,Communication Equipment,NCM,0.01
BPT,Energy,Oil & Gas Midstream,NYQ,0.01
BREA,Communication Services,Entertainment,NCM,0.01
BSLK,Financial Services,Shell Companies,NGM,0.01
BTBD,Consumer Cyclical,Restaurants,NCM,0.01
TNON,Healthcare,Medical Devices,NCM,0.01
BIAF,Healthcare,Diagnostics & Research,NCM,0.01
BLBX,Technology,Software - Application,NCM,0.01
BLRX,Healthcare,Biotechnology,NCM,0.01
TTOO,Healthcare,Diagnostics & Research,NCM,0.01
ENSC,Healthcare,Biotechnology,NCM,0.01
EONR,Energy,Oil & Gas E&P,ASE,0.01
RDHL,Healthcare,Drug Manufacturers - Specialty & Generic,NCM,0.01
HOTH,Healthcare,Biotechnology,NCM,0.01
RHE,Healthcare,Medical Care Facilities,ASE,0.01
EEIQ,Consumer Defensive,Education & Training Services,NCM,0.01
EFOI,Consumer Cyclical,"Furnishings, Fixtures & Appliances",NCM,0.01
EFSH,Industrials,Conglomerates,ASE,0.01
KDLY,Healthcare,Medical Care Facilities,NCM,0.01
REBN,Consumer Cyclical,Restaurants,NCM,0.01
ELAB,Healthcare,Biotechnology,NCM,0.01
TWG,Consumer Defensive,Food Distribution,NCM,0.01
FTFT,Technology,Software - Application,NCM,0.01
BENF,Financial Services,Asset Management,NCM,0.01
BFRI,Healthcare,Drug Manufacturers - Specialty & Generic,NCM,0.01
QMMM,Communication Services,Advertising Agencies,NCM,0.01
OMEX,Basic Materials,Other Industrial Metals & Mining,NCM,0.01
OMH,Real Estate,Real Estate Services,NCM,0.01
ONCO,Healthcare,Biotechnology,NCM,0.01
GBR,Real Estate,Real Estate Services,ASE,0.01
PAVM,Healthcare,Medical Devices,NCM,0.01
PBM,Healthcare,Biotechnology,NCM,0.01
PC,Industrials,Specialty Business Services,NCM,0.01
GSIW,Financial Services,Capital Markets,NCM,0.01
LDWY,Communication Services,Advertising Agencies,NCM,0.01
LEDS,Technology,Semiconductors,NCM,0.01
AMBO,Consumer Defensive,Education & Training Services,ASE,0.01
WISA,Technology,Semiconductors,NCM,0.01
UGRO,Industrials,Farm & Heavy Construction Machinery,NCM,0.01
BCDA,Healthcare,Biotechnology,NCM,0.01
QNTM,Healthcare,Drug Manufacturers - Specialty & Generic,NCM,0.01
QTI,Healthcare,Medical Devices,NMS,0.01
TKLF,Consumer Cyclical,Specialty Retail,NCM,0.01
TLPH,Healthcare,Drug Manufacturers - Specialty & Generic,NGM,0.01
RVSN,Industrials,Railroads,NCM,0.01
DSS,Consumer Cyclical,Packaging & Containers,ASE,0.01
MEGL,Financial Services,Capital Markets,NCM,0.01
MFI,Technology,Software - Application,NCM,0.01
BGLC,Basic Materials,Specialty Chemicals,NCM,0.01
BCLI,Healthcare,Biotechnology,NCM,0.01
BAOS,Communication Services,Advertising Agencies,NCM,0.01
BBGI,Communication Services,Broadcasting,NCM,0.01
UBXG,Technology,Software - Infrastructure,NCM,0.01
UCAR,Consumer Cyclical,Auto & Truck Dealerships,NCM,0.01
TCTM,Consumer Defensive,Education & Training Services,NCM,0.01
NCI,Consumer Cyclical,Apparel Manufacturing,NCM,0.01
TGL,Technology,Software - Application,NCM,0.01
LOBO,Consumer Cyclical,Auto Manufacturers,NCM,0.01
CASK,Consumer Defensive,Beverages - Wineries & Distilleries,NCM,0.01
SBEV,Consumer Defensive,Beverages - Wineries & Distilleries,ASE,0.01
SBFM,Healthcare,Drug Manufacturers - Specialty & Generic,NCM,0.01
CDTG,Industrials,Waste Management,NCM,0.01
RNAZ,Healthcare,Biotechnology,NCM,0.01
JAGX,Healthcare,Biotechnology,NCM,0.01
JBDI,Consumer Cyclical,Specialty Retail,NCM,0.01
JCSE,Industrials,Specialty Industrial Machinery,NCM,0.01
BURU,Industrials,Specialty Industrial Machinery,ASE,0.01
TIRX,Financial Services,Insurance Brokers,NCM,0.01
CANF,Healthcare,Biotechnology,ASE,0.01
CAPT,Basic Materials,Building Materials,NGM,0.01
IVDA,Industrials,Security & Protection Services,NCM,0.01
CARV,Financial Services,Banks - Regional,NCM,0.01
RVYL,Technology,Software - Infrastructure,NCM,0.01
RYDE,Technology,Software - Application,ASE,0.01
DLPN,Communication Services,Advertising Agencies,NCM,0.01
EDBL,Consumer Defensive,Farm Products,NCM,0.01
EDSA,Healthcare,Biotechnology,NCM,0.01
EDUC,Communication Services,Publishing,NGM,0.01
APCX,Technology,Software - Infrastructure,NCM,0.01
APDN,Healthcare,Diagnostics & Research,NCM,0.01
WATT,Technology,Scientific & Technical Instruments,NCM,0.01
WBUY,Consumer Cyclical,Internet Retail,NCM,0.01
AMIX,Healthcare,Medical Devices,NCM,0.01
LUCY,Healthcare,Medical Instruments & Supplies,NCM,0.01
KRKR,Communication Services,Advertising Agencies,NCM,0.01
ANTE,Communication Services,Advertising Agencies,NCM,0.01
WNW,Consumer Cyclical,Internet Retail,NCM,0.01
LRHC,Real Estate,Real Estate Services,NCM,0.01
KZIA,Healthcare,Biotechnology,NCM,0.01
GODN,Financial Services,Shell Companies,NGM,0.01
GOEV,Consumer Cyclical,Auto Manufacturers,NCM,0.01
NTRP,Consumer Cyclical,Travel Services,NCM,0.01
PSIG,Industrials,Integrated Freight & Logistics,NCM,0.01
PSTV,Healthcare,Biotechnology,NCM,0.01
CELZ,Healthcare,Biotechnology,NCM,0.01
CYN,Technology,Software - Application,NCM,0.01
SEED,Basic Materials,Agricultural Inputs,NCM,0.01
MRIN,Technology,Software - Application,NCM,0.01
MRM,Consumer Cyclical,Personal Services,NCM,0.01
GLTO,Healthcare,Biotechnology,NCM,0.01
GMM,Technology,Information Technology Services,NCM,0.01
ALLR,Healthcare,Biotechnology,NCM,0.01
NURO,Healthcare,Medical Devices,NCM,0.01
NUWE,Healthcare,Medical Devices,NCM,0.01
EVAX,Healthcare,Biotechnology,NCM,0.01
ULY,Technology,Software - Application,NCM,0.01
KITT,Industrials,Aerospace & Defense,NCM,0.01
KLTO,Healthcare,Biotechnology,NGM,0.01
HOFV,Communication Services,Entertainment,NCM,0.01
CEAD,Industrials,Farm & Heavy Construction Machinery,NCM,0.01
SDOT,Consumer Defensive,Farm Products,NCM,0.01
IMCC,Healthcare,Drug Manufacturers - Specialty & Generic,NCM,0.01
IMG,Consumer Defensive,Packaged Foods,NCM,0.01
DTSS,Technology,Software - Infrastructure,NCM,0.01
JTAI,Technology,Software - Application,NCM,0.01
JWEL,Consumer Cyclical,Internet Retail,NCM,0.01
EVGN,Healthcare,Biotechnology,NCM,0.01
EVOK,Healthcare,Drug Manufacturers - Specialty & Generic,NCM,0.01
CERO,Healthcare,Biotechnology,NGM,0.01
IPA,Healthcare,Biotechnology,NGM,0.01
IPDN,Industrials,Staffing & Employment Services,NCM,0.01
EVTV,Consumer Cyclical,Auto Manufacturers,NCM,0.01
AWH,Healthcare,Diagnostics & Research,NCM,0.01
AWX,Industrials,Waste Management,ASE,0.01
VEEE,Consumer Cyclical,Recreational Vehicles,NCM,0.01
VERB,Technology,Software - Application,NCM,0.01
SVMH,Consumer Cyclical,Auto Manufacturers,NGM,0.01
SGMA,Technology,Electronic Components,NCM,0.01
MWG,Industrials,Rental & Leasing Services,ASE,0.01
CGBSW,Energy,Oil & Gas Integrated,NCM,0.01
NCRA,Consumer Defensive,Packaged Foods,NCM,0.01
DATS,Technology,Software - Application,NCM,0.01
DDC,Consumer Defensive,Packaged Foods,ASE,0.01
SCKT,Technology,Computer Hardware,NCM,0.01
HCWC,Consumer Defensive,Packaged Foods,ASE,0.01
ATPC,Consumer Defensive,Packaged Foods,NCM,0.01
KNW,Technology,Scientific & Technical Instruments,ASE,0.01
IMNN,Healthcare,Biotechnology,NCM,0.01
IMRN,Healthcare,Biotechnology,NCM,0.01
CHEK,Healthcare,Diagnostics & Research,NCM,0.01
STRR,Healthcare,Diagnostics & Research,NGM,0.01
SUGP,Industrials,Security & Protection Services,NCM,0.01
UUU,Industrials,Security & Protection Services,ASE,0.01
EYEN,Healthcare,Biotechnology,NCM,0.01
AYTU,Healthcare,Drug Manufacturers - Specialty & Generic,NCM,0.01
KPRX,Healthcare,Biotechnology,NCM,0.01
MARPS,Energy,Oil & Gas Midstream,NGM,0.01
HIHO,Industrials,Metal Fabrication,NCM,0.01
HAO,Communication Services,Advertising Agencies,NCM,0.01
HCWB,Healthcare,Biotechnology,NGM,0.01
CYCCP,Healthcare,Biotechnology,NCM,0.01
CYCN,Healthcare,Biotechnology,NCM,0.01
AQMS,Industrials,Waste Management,NCM,0.01
ARBB,Technology,Information Technology Services,NCM,0.01
PHGE,Healthcare,Biotechnology,ASE,0.01
PHIO,Healthcare,Biotechnology,NCM,0.01
APM,Healthcare,Biotechnology,NCM,0.01
GURE,Basic Materials,Chemicals,NMS,0.01
CJJD,Healthcare,Pharmaceutical Retailers,NCM,0.01
CHNR,Industrials,Pollution & Treatment Controls,NCM,0.01
CHRO,Healthcare,Biotechnology,ASE,0.01
SILO,Healthcare,Biotechnology,NCM,0.01
CISS,Industrials,Marine Shipping,NCM,0.01
CJET,Consumer Cyclical,Auto Manufacturers,NGM,0.01
ICU,Healthcare,Biotechnology,NCM,0.01
IDAI,Technology,Software - Application,NCM,0.01
WAFU,Consumer Defensive,Education & Training Services,NCM,0.01
APTO,Healthcare,Biotechnology,NCM,0.01
APVO,Healthcare,Biotechnology,NCM,0.01
CVR,Industrials,Tools & Accessories,ASE,0.01
CWD,Financial Services,Asset Management,NCM,0.01
CING,Healthcare,Biotechnology,NCM,0.01
STAF,Industrials,Staffing & Employment Services,NCM,0.01
STFS,Communication Services,Advertising Agencies,NCM,0.01
PRPH,Healthcare,Diagnostics & Research,NCM,0.01
PRPO,Healthcare,Diagnostics & Research,NCM,0.01
PRTG,Healthcare,Biotechnology,NCM,0.01
PET,Technology,Software - Application,NGM,0.01
PETZ,Consumer Cyclical,Restaurants,NCM,0.01
PEV,Consumer Cyclical,Auto Manufacturers,NCM,0.01
OCEA,Healthcare,Biotechnology,NCM,0.01
VVPR,Technology,Solar,NCM,0.01
CREG,Utilities,Utilities - Renewable,NCM,0.01
CREV,Consumer Cyclical,Auto Parts,NGM,0.01
CUTR,Healthcare,Medical Devices,NMS,0.01
FGI,Consumer Cyclical,"Furnishings, Fixtures & Appliances",NCM,0.01
POAI,Healthcare,Medical Instruments & Supplies,NCM,0.01
POLA,Industrials,Electrical Equipment & Parts,NCM,0.01
PPBT,Healthcare,Biotechnology,NCM,0.01
LXEH,Consumer Defensive,Education & Training Services,NGM,0.01
CISO,Technology,Software - Infrastructure,NCM,0.01
MYNA,Technology,Communication Equipment,NMS,0.01
MYNZ,Healthcare,Diagnostics & Research,NCM,0.01
MSGM,Communication Services,Electronic Gaming & Multimedia,NCM,0.01
MSN,Technology,Consumer Electronics,ASE,0.01
CMND,Healthcare,Biotechnology,NCM,0.01
SRM,Consumer Cyclical,Leisure,NCM,0.01
SLE,Communication Services,Internet Content & Information,NCM,0.01
ASTC,Technology,Scientific & Technical Instruments,NCM,0.01
MBIO,Healthcare,Biotechnology,NCM,0.01
MBRX,Healthcare,Biotechnology,NCM,0.01
ILAG,Industrials,Building Products & Equipment,NCM,0.01
CTCX,Consumer Defensive,Household & Personal Products,NCM,0.01
CTNT,Consumer Cyclical,Auto & Truck Dealerships,NCM,0.01
SSKN,Healthcare,Medical Devices,NCM,0.01
SSY,Healthcare,Pharmaceutical Retailers,ASE,0.01
GV,Consumer Defensive,Education & Training Services,NCM,0.01
GVH,Industrials,Integrated Freight & Logistics,NCM,0.01
GWAV,Industrials,Waste Management,NCM,0.01
GXAI,Communication Services,Electronic Gaming & Multimedia,NCM,0.01
VINE,Consumer Defensive,Beverages - Wineries & Distilleries,ASE,0.01
VIRX,Healthcare,Biotechnology,NCM,0.01
VISL,Technology,Communication Equipment,NCM,0.01
ASST,Communication Services,Internet Content & Information,NCM,0.01
SLXN,Healthcare,Biotechnology,NGM,0.01
ADIL,Healthcare,Biotechnology,NCM,0.01
SMTK,Technology,Semiconductor Equipment & Materials,NCM,0.01
LGCB,Consumer Cyclical,Internet Retail,NCM,0.01
ACXP,Healthcare,Biotechnology,NCM,0.01
XTKG,Technology,Software - Application,NCM,0.01
XTLB,Healthcare,Biotechnology,NCM,0.01
AEON,Healthcare,Biotechnology,ASE,0.01
VRPX,Healthcare,Biotechnology,NCM,0.01
VS,Technology,Software - Application,NCM,0.01
LICN,Industrials,Specialty Business Services,NCM,0.01
LFWD,Healthcare,Medical Devices,NCM,0.01
YQ,Consumer Defensive,Education & Training Services,NMS,0.01
YOSH,Consumer Cyclical,Restaurants,NCM,0.01
ADTX,Healthcare,Biotechnology,NCM,0.01
ADN,Utilities,Utilities - Renewable,NCM,0.01
GRNQ,Industrials,Consulting Services,NCM,0.01
FLGC,Healthcare,Drug Manufacturers - Specialty & Generic,NCM,0.01
NXTT,Technology,Software - Application,NCM,0.01
NXU,Industrials,Electrical Equipment & Parts,NCM,0.01
APLM,Healthcare,Biotechnology,NCM,0.01
FORD,Consumer Cyclical,Footwear & Accessories,NCM,0.01
FOXO,Healthcare,Health Information Services,ASE,0.01
VRAX,Healthcare,Biotechnology,NCM,0.01
CNFR,Financial Services,Insurance - Property & Casualty,NCM,0.01
CNSP,Healthcare,Biotechnology,NCM,0.01
SOAR,Industrials,Airports & Air Services,ASE,0.01
SOGP,Communication Services,Internet Content & Information,NCM,0.01
PMNT,Consumer Cyclical,Apparel Manufacturing,ASE,0.01
GSUN,Consumer Defensive,Education & Training Services,NCM,0.01
GRFX,Basic Materials,Other Industrial Metals & Mining,ASE,0.01
GRI,Healthcare,Biotechnology,NCM,0.01
EJH,Consumer Cyclical,Personal Services,NCM,0.01
EKSO,Healthcare,Medical Instruments & Supplies,NCM,0.01
RKDA,Consumer Defensive,Packaged Foods,NCM,0.01
RLMD,Healthcare,Biotechnology,NMS,0.01
TPET,Energy,Oil & Gas E&P,ASE,0.01
BMRA,Healthcare,Medical Devices,NCM,0.01
BNAI,Technology,Software - Infrastructure,NCM,0.01
JNVR,Technology,Software - Infrastructure,NCM,0.01
BNRG,Utilities,Utilities - Renewable,NCM,0.01
ELWS,Technology,Software - Application,NCM,0.01
HTOO,Utilities,Utilities - Renewable,NGM,0.01
KAVL,Consumer Defensive,Tobacco,NCM,0.01
MGRX,Healthcare,Health Information Services,NCM,0.01
MHUA,Healthcare,Medical Instruments & Supplies,NGM,0.01
MI,Consumer Cyclical,Internet Retail,ASE,0.01
NLSP,Healthcare,Biotechnology,NCM,0.01
SNTG,Financial Services,Credit Services,NCM,0.01
YYAI,Consumer Cyclical,Leisure,NCM,0.01
HWH,Consumer Cyclical,Leisure,NGM,0.01
BON,Basic Materials,Specialty Chemicals,NCM,0.01
TRUG,Communication Services,Electronic Gaming & Multimedia,NGM,0.01
TSBX,Healthcare,Biotechnology,NGM,0.01
MIGI,Financial Services,Capital Markets,NCM,0.01
BNGO,Healthcare,Medical Instruments & Supplies,NCM,0.01
XELB,Consumer Cyclical,Apparel Manufacturing,NCM,0.01
ADXN,Healthcare,Biotechnology,NCM,0.01
ONFO,Communication Services,Internet Content & Information,NCM,0.01
ONVO,Healthcare,Biotechnology,NCM,0.01
OP,Industrials,Marine Shipping,NCM,0.01
XBIO,Healthcare,Biotechnology,NCM,0.01
SNGX,Healthcare,Biotechnology,NCM,0.01
SNSE,Healthcare,Biotechnology,NCM,0.01
XPON,Industrials,Electrical Equipment & Parts,NCM,0.01
XRTX,Healthcare,Biotechnology,NCM,0.01
XXII,Consumer Defensive,Tobacco,NCM,0.01
XYLO,Healthcare,Medical Devices,NCM,0.01
YCBD,Healthcare,Drug Manufacturers - Specialty & Generic,ASE,0.01
YGMZ,Industrials,Trucking,NCM,0.01
SLRX,Healthcare,Biotechnology,NCM,0.01
SMX,Industrials,Specialty Business Services,NCM,0.01
SNAX,Consumer Defensive,Packaged Foods,NCM,0.01
SNES,Basic Materials,Specialty Chemicals,NCM,0.01
SNOA,Healthcare,Drug Manufacturers - Specialty & Generic,NCM,0.01
SNPX,Healthcare,Biotechnology,NCM,0.01
AEHL,Industrials,Building Products & Equipment,NCM,0.01
LGHL,Financial Services,Capital Markets,NCM,0.01
LGMK,Healthcare,Health Information Services,NCM,0.01
ZVSA,Healthcare,Biotechnology,NCM,0.01
AREB,Consumer Cyclical,Footwear & Accessories,NCM,0.01
VSME,Communication Services,Advertising Agencies,NCM,0.01
PLRZ,Healthcare,Biotechnology,NCM,0.01
OBLG,Technology,Software - Application,NCM,0.01
GTBP,Healthcare,Biotechnology,NCM,0.01
VLCN,Consumer Cyclical,Auto Manufacturers,NCM,0.01
ARTL,Healthcare,Biotechnology,NCM,0.01
KTTA,Healthcare,Biotechnology,NCM,0.01
KWE,Industrials,Aerospace & Defense,NCM,0.01
NVVE,Consumer Cyclical,Specialty Retail,NCM,0.01
AUUD,Technology,Software - Application,NCM,0.01
VINC,Healthcare,Biotechnology,NCM,0.01
ASTI,Technology,Solar,NCM,0.01
ATCH,Technology,Software - Infrastructure,ASE,0.01
FRGT,Technology,Software - Application,NCM,0.01
AQB,Consumer Defensive,Farm Products,NCM,0.01
VTAK,Healthcare,Medical Devices,ASE,0.01
FRES,Healthcare,Diagnostics & Research,NCM,0.01
PRFX,Healthcare,Drug Manufacturers - Specialty & Generic,NCM,0.01
PRSO,Technology,Semiconductors,NCM,0.01
FAMI,Consumer Defensive,Packaged Foods,NCM,0.01
VERO,Healthcare,Medical Devices,NCM,0.01
ATNF,Healthcare,Biotechnology,NCM,0.01
ATXG,Industrials,Integrated Freight & Logistics,NCM,0.01
ATXI,Healthcare,Biotechnology,NCM,0.01
HCTI,Healthcare,Health Information Services,NCM,0.01
NVFY,Consumer Cyclical,"Furnishings, Fixtures & Appliances",NCM,0.01
JXG,Consumer Cyclical,Apparel Manufacturing,NCM,0.01
AYRO,Consumer Cyclical,Auto Manufacturers,NCM,0.01
AZTR,Healthcare,Biotechnology,ASE,0.01
BACK,Healthcare,Medical Care Facilities,NCM,0.01
AVGR,Healthcare,Medical Instruments & Supplies,NCM,0.01
EZGO,Consumer Cyclical,Recreational Vehicles,NCM,0.01
PTIX,Healthcare,Biotechnology,NCM,0.01
UOKA,Real Estate,Real Estate Services,NCM,0.01
UPC,Healthcare,Drug Manufacturers - Specialty & Generic,NCM,0.01
UPXI,Communication Services,Internet Content & Information,NCM,0.01
HEPA,Healthcare,Biotechnology,NCM,0.01
PTPI,Healthcare,Drug Manufacturers - Specialty & Generic,NCM,0.01
PW,Real Estate,REIT - Specialty,ASE,0.01
OCTO,Consumer Cyclical,Packaging & Containers,NCM,0.01
OGEN,Healthcare,Biotechnology,ASE,0.01
LTRY,Consumer Cyclical,Gambling,NGM,0.01
LUXH,Consumer Cyclical,Lodging,NCM,0.01
OLB,Technology,Software - Infrastructure,NCM,0.01
PCSA,Healthcare,Biotechnology,NCM,0.01
QLGN,Healthcare,Biotechnology,NCM,0.01
QNRX,Healthcare,Biotechnology,NCM,0.01
UK,Real Estate,Real Estate Services,NCM,0.01
BCAN,Technology,Software - Application,NCM,0.01
BBLG,Healthcare,Medical Devices,NCM,0.01
BDRX,Healthcare,Biotechnology,NCM,0.01
ENTO,Healthcare,Biotechnology,NCM,0.01
ENVB,Healthcare,Biotechnology,NCM,0.01
BKYI,Industrials,Security & Protection Services,NCM,0.01
BLMZ,Communication Services,Entertainment,NCM,0.01
TTNP,Healthcare,Biotechnology,NCM,0.01
BJDX,Healthcare,Medical Devices,NCM,0.01
RELI,Financial Services,Insurance Brokers,NCM,0.01
HSCS,Healthcare,Medical Devices,NCM,0.01
HSDT,Healthcare,Medical Devices,NCM,0.01
TRNR,Consumer Cyclical,Personal Services,NCM,0.01
REVB,Healthcare,Biotechnology,NCM,0.01
HYZN,Consumer Cyclical,Auto Parts,NCM,0.01
NMHI,Industrials,Specialty Industrial Machinery,NGM,0.01
RIME,Technology,Consumer Electronics,NCM,0.01
MGOL,Communication Services,Advertising Agencies,NCM,0.01
EAST,Consumer Defensive,Beverages - Wineries & Distilleries,NCM,0.01
TNFA,Healthcare,Biotechnology,NCM,0.01
BPTH,Healthcare,Biotechnology,NCM,0.01
BQ,Consumer Cyclical,Specialty Retail,ASE,0.01
TOVX,Healthcare,Biotechnology,ASE,0.01
WHLR,Real Estate,REIT - Retail,NCM,0.01
WHLRP,Real Estate,REIT - Retail,NCM,0.01
WINT,Healthcare,Biotechnology,NCM,0.01
ALCE,Utilities,Utilities - Renewable,NCM,0.01
LFLY,Communication Services,Internet Content & Information,NCM,0.01
PAPL,Financial Services,Mortgage Finance,ASE,0.01
DRMA,Healthcare,Biotechnology,NCM,0.01
BTOG,Financial Services,Financial Data & Stock Exchanges,NCM,0.01
BTTR,Consumer Defensive,Packaged Foods,ASE,0.01
TIVC,Healthcare,Medical Devices,NCM,0.01
JFBR,Consumer Cyclical,Internet Retail,NCM,0.01
ITP,Basic Materials,Paper & Paper Products,ASE,0.01
IVP,Consumer Cyclical,Personal Services,NCM,0.01
THAR,Healthcare,Biotechnology,NCM,0.01
ICCT,Healthcare,Health Information Services,NCM,0.01
RSLS,Healthcare,Medical Devices,NCM,0.01
DGLY,Communication Services,Internet Content & Information,NCM,0.01
IFBD,Technology,Software - Application,NCM,0.01
NCNA,Healthcare,Biotechnology,NCM,0.01
NCPL,Financial Services,Capital Markets,NCM,0.01
TCBP,Healthcare,Biotechnology,NCM,0.01
TCRT,Healthcare,Biotechnology,NCM,0.01
ISPC,Healthcare,Diagnostics & Research,NCM,0.01
SCPX,Healthcare,Biotechnology,ASE,0.01
SXTP,Healthcare,Biotechnology,NCM,0.01
SYRA,Healthcare,Medical Care Facilities,NCM,0.01
CDT,Healthcare,Biotechnology,NGM,0.01
SYRS,Healthcare,Biotechnology,NMS,0.01
SYTA,Technology,Communication Equipment,NCM,0.01
TANH,Consumer Defensive,Household & Personal Products,NCM,0.01
TAOP,Technology,Software - Infrastructure,NCM,0.01
TC,Communication Services,Advertising Agencies,NCM,0.01
SBET,Consumer Cyclical,Gambling,NCM,0.01
GPUS,Industrials,Aerospace & Defense,ASE,0.01
KXIN,Consumer Cyclical,Auto & Truck Dealerships,NCM,0.01
WLDS,Technology,Consumer Electronics,NCM,0.01
WORX,Healthcare,Health Information Services,NCM,0.01
GNLN,Consumer Defensive,Tobacco,NCM,0.01
GLMD,Healthcare,Biotechnology,NCM,0.01
OXBRW,Financial Services,Insurance - Reinsurance,NCM,0.01
CETX,Technology,Software - Infrastructure,NCM,0.01
SVRE,Technology,Scientific & Technical Instruments,NCM,0.01
SXTC,Healthcare,Drug Manufacturers - Specialty & Generic,NCM,0.01
NDRA,Healthcare,Diagnostics & Research,NCM,0.01
SCNI,Healthcare,Biotechnology,NCM,0.01
SGD,Real Estate,Real Estate - Development,NCM,0.01
SGLY,Industrials,Integrated Freight & Logistics,NCM,0.01
SGN,Technology,Software - Application,ASE,0.01
STKH,Consumer Defensive,Packaged Foods,NCM,0.01
STSS,Healthcare,Medical Instruments & Supplies,NCM,0.01
MOND,Consumer Cyclical,Travel Services,NGM,0.01
NAOV,Healthcare,Medical Devices,NCM,0.01
NBY,Healthcare,Biotechnology,ASE,0.01
ICON,Industrials,Marine Shipping,NCM,0.01
CYCC,Healthcare,Biotechnology,NCM,0.01
SHPH,Healthcare,Drug Manufacturers - Specialty & Generic,NCM,0.01
SGBX,Industrials,Metal Fabrication,NCM,0.01
IMTE,Technology,Electronic Components,NCM,0.01
MYSZ,Technology,Software - Application,NCM,0.01
CTHR,Consumer Cyclical,Luxury Goods,NCM,0.01
CPHI,Healthcare,Drug Manufacturers - Specialty & Generic,ASE,0.01
SPRC,Healthcare,Biotechnology,NCM,0.01
SINT,Healthcare,Medical Devices,NCM,0.01
SOBR,Technology,Scientific & Technical Instruments,NCM,0.01
CNET,Communication Services,Advertising Agencies,NCM,0.01
INM,Healthcare,Biotechnology,NCM,0.01
MTEM,Healthcare,Biotechnology,NCM,0.01
MTNB,Healthcare,Biotechnology,ASE,0.01
PALI,Healthcare,Biotechnology,NCM,0.01
GCTK,Healthcare,Medical Instruments & Supplies,NCM,0.01
AKAN,Healthcare,Drug Manufacturers - Specialty & Generic,NCM,0.01
ALBT,Real Estate,Real Estate Services,NCM,0.01
AGRI,Consumer Defensive,Farm Products,NCM,0.01
OST,Technology,Electronic Components,NCM,0.01
LIPO,Healthcare,Biotechnology,NCM,0.01
ADD,Communication Services,Entertainment,NCM,0.01
ACON,Healthcare,Health Information Services,NCM,0.01
